W-1253065,Rain,Light,2017-02-21 13:46:00,2017-02-21 14:55:00,US/Central,KVPS,30.4833,-86.5254,Eglin Afb,Okaloosa,FL,32542
W-1253066,Rain,Heavy,2017-02-21 14:55:00,2017-02-21 14:57:00,US/Central,KVPS,30.4833,-86.5254,Eglin Afb,Okaloosa,FL,32542
W-1253067,Rain,Light,2017-02-21 14:57:00,2017-02-21 17:25:00,US/Central,KVPS,30.4833,-86.5254,Eglin Afb,Okaloosa,FL,32542
W-1253068,Fog,Severe,2017-02-21 17:25:00,2017-02-21 17:42:00,US/Central,KVPS,30.4833,-86.5254,Eglin Afb,Okaloosa,FL,32542
W-1253069,Rain,Light,2017-02-21 17:42:00,2017-02-21 17:57:00,US/Central,KVPS,30.4833,-86.5254,Eglin Afb,Okaloosa,FL,32542
W-1253070,Rain,Heavy,2017-02-21 17:57:00,2017-02-21 18:06:00,US/Central,KVPS,30.4833,-86.5254,Eglin Afb,Okaloosa,FL,32542
W-1253071,Rain,Light,2017-02-21 18:06:00,2017-02-21 18:56:00,US/Central,KVPS,30.4833,-86.5254,Eglin Afb,Okaloosa,FL,32542
W-1253072,Rain,Heavy,2017-02-21 18:56:00,2017-02-21 19:11:00,US/Central,KVPS,30.4833,-86.5254,Eglin Afb,Okaloosa,FL,32542
W-1253073,Rain,Light,2017-02-21 19:11:00,2017-02-21 19:57:00,US/Central,KVPS,30.4833,-86.5254,Eglin Afb,Okaloosa,FL,32542
W-1253074,Rain,Moderate,2017-02-21 19:57:00,2017-02-21 22:55:00,US/Central,KVPS,30.4833,-86.5254,Eglin Afb,Okaloosa,FL,32542
W-1253075,Rain,Light,2017-02-21 22:55:00,2017-02-22 01:55:00,US/Central,KVPS,30.4833,-86.5254,Eglin Afb,Okaloosa,FL,32542
W-1253076,Rain,Moderate,2017-02-22 01:55:00,2017-02-22 02:48:00,US/Central,KVPS,30.4833,-86.5254,Eglin Afb,Okaloosa,FL,32542
W-1253077,Rain,Light,2017-02-22 05:09:00,2017-02-22 08:16:00,US/Central,KVPS,30.4833,-86.5254,Eglin Afb,Okaloosa,FL,32542
W-1253078,Rain,Light,2017-02-22 14:33:00,2017-02-22 15:55:00,US/Central,KVPS,30.4833,-86.5254,Eglin Afb,Okaloosa,FL,32542
W-1253079,Rain,Light,2017-02-22 16:11:00,2017-02-22 16:32:00,US/Central,KVPS,30.4833,-86.5254,Eglin Afb,Okaloosa,FL,32542
W-1253080,Rain,Light,2017-02-22 16:47:00,2017-02-22 17:55:00,US/Central,KVPS,30.4833,-86.5254,Eglin Afb,Okaloosa,FL,32542
W-1253081,Fog,Moderate,2017-02-24 09:57:00,2017-02-24 10:27:00,US/Central,KVPS,30.4833,-86.5254,Eglin Afb,Okaloosa,FL,32542
W-1253082,Rain,Light,2017-02-25 08:55:00,2017-02-25 09:17:00,US/Central,KVPS,30.4833,-86.5254,Eglin Afb,Okaloosa,FL,32542
W-1253083,Rain,Light,2017-02-27 23:39:00,2017-02-27 23:55:00,US/Central,KVPS,30.4833,-86.5254,Eglin Afb,Okaloosa,FL,32542
W-1253084,Rain,Light,2017-02-28 00:22:00,2017-02-28 00:57:00,US/Central,KVPS,30.4833,-86.5254,Eglin Afb,Okaloosa,FL,32542
W-1253085,Rain,Light,2017-03-01 17:35:00,2017-03-01 17:44:00,US/Central,KVPS,30.4833,-86.5254,Eglin Afb,Okaloosa,FL,32542
W-1253086,Rain,Light,2017-03-02 04:15:00,2017-03-02 04:38:00,US/Central,KVPS,30.4833,-86.5254,Eglin Afb,Okaloosa,FL,32542
W-1253087,Rain,Light,2017-03-02 05:14:00,2017-03-02 05:33:00,US/Central,KVPS,30.4833,-86.5254,Eglin Afb,Okaloosa,FL,32542
W-1253088,Rain,Light,2017-03-02 06:42:00,2017-03-02 06:59:00,US/Central,KVPS,30.4833,-86.5254,Eglin Afb,Okaloosa,FL,32542
W-1253089,Rain,Light,2017-03-08 04:14:00,2017-03-08 04:56:00,US/Central,KVPS,30.4833,-86.5254,Eglin Afb,Okaloosa,FL,32542
W-1253090,Rain,Moderate,2017-03-08 04:56:00,2017-03-08 05:15:00,US/Central,KVPS,30.4833,-86.5254,Eglin Afb,Okaloosa,FL,32542
W-1253091,Rain,Light,2017-03-08 05:15:00,2017-03-08 07:47:00,US/Central,KVPS,30.4833,-86.5254,Eglin Afb,Okaloosa,FL,32542
W-1253092,Rain,Light,2017-03-12 07:44:00,2017-03-12 09:14:00,US/Central,KVPS,30.4833,-86.5254,Eglin Afb,Okaloosa,FL,32542
W-1253093,Rain,Light,2017-03-12 10:35:00,2017-03-12 16:20:00,US/Central,KVPS,30.4833,-86.5254,Eglin Afb,Okaloosa,FL,32542
W-1253094,Rain,Light,2017-03-13 10:35:00,2017-03-13 11:18:00,US/Central,KVPS,30.4833,-86.5254,Eglin Afb,Okaloosa,FL,32542
W-1253095,Rain,Light,2017-03-13 12:32:00,2017-03-13 21:10:00,US/Central,KVPS,30.4833,-86.5254,Eglin Afb,Okaloosa,FL,32542
W-1253096,Rain,Light,2017-03-13 22:30:00,2017-03-13 23:17:00,US/Central,KVPS,30.4833,-86.5254,Eglin Afb,Okaloosa,FL,32542
W-1253097,Rain,Light,2017-03-14 02:40:00,2017-03-14 03:55:00,US/Central,KVPS,30.4833,-86.5254,Eglin Afb,Okaloosa,FL,32542
W-1253098,Rain,Light,2017-03-14 04:10:00,2017-03-14 05:44:00,US/Central,KVPS,30.4833,-86.5254,Eglin Afb,Okaloosa,FL,32542
W-1253099,Rain,Light,2017-03-14 08:55:00,2017-03-14 09:24:00,US/Central,KVPS,30.4833,-86.5254,Eglin Afb,Okaloosa,FL,32542
W-1253100,Fog,Severe,2017-03-22 11:45:00,2017-03-22 11:55:00,US/Central,KVPS,30.4833,-86.5254,Eglin Afb,Okaloosa,FL,32542
W-1253101,Fog,Severe,2017-03-22 12:33:00,2017-03-22 13:32:00,US/Central,KVPS,30.4833,-86.5254,Eglin Afb,Okaloosa,FL,32542
W-1253102,Rain,Light,2017-03-26 02:55:00,2017-03-26 05:30:00,US/Central,KVPS,30.4833,-86.5254,Eglin Afb,Okaloosa,FL,32542
W-1253103,Fog,Severe,2017-03-27 07:34:00,2017-03-27 09:48:00,US/Central,KVPS,30.4833,-86.5254,Eglin Afb,Okaloosa,FL,32542
W-1253104,Fog,Severe,2017-03-27 10:34:00,2017-03-27 14:03:00,US/Central,KVPS,30.4833,-86.5254,Eglin Afb,Okaloosa,FL,32542
W-1253105,Fog,Severe,2017-03-29 13:10:00,2017-03-29 15:20:00,US/Central,KVPS,30.4833,-86.5254,Eglin Afb,Okaloosa,FL,32542
W-1253106,Rain,Light,2017-03-30 22:52:00,2017-03-30 23:56:00,US/Central,KVPS,30.4833,-86.5254,Eglin Afb,Okaloosa,FL,32542
W-1253107,Rain,Heavy,2017-03-30 23:56:00,2017-03-31 00:16:00,US/Central,KVPS,30.4833,-86.5254,Eglin Afb,Okaloosa,FL,32542
W-1253108,Rain,Light,2017-03-31 00:16:00,2017-03-31 00:57:00,US/Central,KVPS,30.4833,-86.5254,Eglin Afb,Okaloosa,FL,32542
W-1253109,Rain,Moderate,2017-03-31 00:57:00,2017-03-31 01:19:00,US/Central,KVPS,30.4833,-86.5254,Eglin Afb,Okaloosa,FL,32542
W-1253110,Rain,Light,2017-03-31 01:19:00,2017-03-31 02:31:00,US/Central,KVPS,30.4833,-86.5254,Eglin Afb,Okaloosa,FL,32542
W-1253111,Rain,Light,2017-04-03 16:13:00,2017-04-03 16:55:00,US/Central,KVPS,30.4833,-86.5254,Eglin Afb,Okaloosa,FL,32542
W-1253112,Rain,Heavy,2017-04-03 16:55:00,2017-04-03 17:21:00,US/Central,KVPS,30.4833,-86.5254,Eglin Afb,Okaloosa,FL,32542
W-1253113,Rain,Light,2017-04-03 17:21:00,2017-04-03 17:55:00,US/Central,KVPS,30.4833,-86.5254,Eglin Afb,Okaloosa,FL,32542
W-1253114,Rain,Heavy,2017-04-03 17:55:00,2017-04-03 18:16:00,US/Central,KVPS,30.4833,-86.5254,Eglin Afb,Okaloosa,FL,32542
W-1253115,Rain,Light,2017-04-03 18:16:00,2017-04-03 18:55:00,US/Central,KVPS,30.4833,-86.5254,Eglin Afb,Okaloosa,FL,32542
W-1253116,Rain,Heavy,2017-04-03 18:55:00,2017-04-03 19:07:00,US/Central,KVPS,30.4833,-86.5254,Eglin Afb,Okaloosa,FL,32542
W-1253117,Rain,Light,2017-04-03 19:07:00,2017-04-03 19:55:00,US/Central,KVPS,30.4833,-86.5254,Eglin Afb,Okaloosa,FL,32542
W-1253118,Rain,Heavy,2017-04-03 19:55:00,2017-04-03 20:03:00,US/Central,KVPS,30.4833,-86.5254,Eglin Afb,Okaloosa,FL,32542
W-1253119,Rain,Light,2017-04-03 20:03:00,2017-04-03 20:44:00,US/Central,KVPS,30.4833,-86.5254,Eglin Afb,Okaloosa,FL,32542
W-1253120,Rain,Light,2017-04-03 20:55:00,2017-04-03 21:10:00,US/Central,KVPS,30.4833,-86.5254,Eglin Afb,Okaloosa,FL,32542
W-1253121,Fog,Severe,2017-04-04 05:33:00,2017-04-04 05:55:00,US/Central,KVPS,30.4833,-86.5254,Eglin Afb,Okaloosa,FL,32542
W-1253122,Fog,Severe,2017-04-04 07:55:00,2017-04-04 10:06:00,US/Central,KVPS,30.4833,-86.5254,Eglin Afb,Okaloosa,FL,32542
W-1253123,Rain,Light,2017-04-05 05:04:00,2017-04-05 05:58:00,US/Central,KVPS,30.4833,-86.5254,Eglin Afb,Okaloosa,FL,32542
W-1253124,Rain,Moderate,2017-04-05 05:58:00,2017-04-05 06:37:00,US/Central,KVPS,30.4833,-86.5254,Eglin Afb,Okaloosa,FL,32542
W-1253125,Rain,Light,2017-04-05 06:52:00,2017-04-05 08:45:00,US/Central,KVPS,30.4833,-86.5254,Eglin Afb,Okaloosa,FL,32542
W-1253126,Rain,Light,2017-04-05 09:01:00,2017-04-05 09:45:00,US/Central,KVPS,30.4833,-86.5254,Eglin Afb,Okaloosa,FL,32542
W-1253127,Fog,Severe,2017-04-05 09:45:00,2017-04-05 10:55:00,US/Central,KVPS,30.4833,-86.5254,Eglin Afb,Okaloosa,FL,32542
W-1253128,Rain,Light,2017-04-05 11:20:00,2017-04-05 11:42:00,US/Central,KVPS,30.4833,-86.5254,Eglin Afb,Okaloosa,FL,32542
W-1253129,Rain,Light,2017-04-05 14:21:00,2017-04-05 14:26:00,US/Central,KVPS,30.4833,-86.5254,Eglin Afb,Okaloosa,FL,32542
W-1253130,Rain,Light,2017-04-05 15:41:00,2017-04-05 15:51:00,US/Central,KVPS,30.4833,-86.5254,Eglin Afb,Okaloosa,FL,32542
W-1253131,Rain,Light,2017-04-05 16:17:00,2017-04-05 16:32:00,US/Central,KVPS,30.4833,-86.5254,Eglin Afb,Okaloosa,FL,32542
W-1253132,Rain,Light,2017-04-05 17:30:00,2017-04-05 19:56:00,US/Central,KVPS,30.4833,-86.5254,Eglin Afb,Okaloosa,FL,32542
W-1253133,Rain,Moderate,2017-04-05 19:56:00,2017-04-05 20:07:00,US/Central,KVPS,30.4833,-86.5254,Eglin Afb,Okaloosa,FL,32542
W-1253134,Fog,Severe,2017-04-05 20:07:00,2017-04-05 20:21:00,US/Central,KVPS,30.4833,-86.5254,Eglin Afb,Okaloosa,FL,32542
W-1253135,Rain,Light,2017-04-05 20:21:00,2017-04-05 20:55:00,US/Central,KVPS,30.4833,-86.5254,Eglin Afb,Okaloosa,FL,32542
W-1253136,Rain,Heavy,2017-04-05 20:55:00,2017-04-05 21:18:00,US/Central,KVPS,30.4833,-86.5254,Eglin Afb,Okaloosa,FL,32542
W-1253137,Rain,Light,2017-04-05 21:18:00,2017-04-05 21:24:00,US/Central,KVPS,30.4833,-86.5254,Eglin Afb,Okaloosa,FL,32542
W-1253138,Rain,Light,2017-04-05 21:32:00,2017-04-05 21:42:00,US/Central,KVPS,30.4833,-86.5254,Eglin Afb,Okaloosa,FL,32542
W-1253139,Rain,Light,2017-04-12 21:56:00,2017-04-12 22:47:00,US/Central,KVPS,30.4833,-86.5254,Eglin Afb,Okaloosa,FL,32542
W-1253140,Fog,Severe,2017-04-17 07:56:00,2017-04-17 11:55:00,US/Central,KVPS,30.4833,-86.5254,Eglin Afb,Okaloosa,FL,32542
W-1253141,Fog,Severe,2017-04-17 13:44:00,2017-04-17 13:55:00,US/Central,KVPS,30.4833,-86.5254,Eglin Afb,Okaloosa,FL,32542
W-1253142,Fog,Severe,2017-04-20 09:39:00,2017-04-20 11:45:00,US/Central,KVPS,30.4833,-86.5254,Eglin Afb,Okaloosa,FL,32542
W-1253143,Fog,Severe,2017-04-20 11:58:00,2017-04-20 13:27:00,US/Central,KVPS,30.4833,-86.5254,Eglin Afb,Okaloosa,FL,32542
W-1253144,Fog,Severe,2017-04-21 09:40:00,2017-04-21 13:24:00,US/Central,KVPS,30.4833,-86.5254,Eglin Afb,Okaloosa,FL,32542
W-1253145,Rain,Light,2017-04-23 15:44:00,2017-04-23 16:55:00,US/Central,KVPS,30.4833,-86.5254,Eglin Afb,Okaloosa,FL,32542
W-1253146,Precipitation,UNK,2017-04-23 16:55:00,2017-04-23 17:30:00,US/Central,KVPS,30.4833,-86.5254,Eglin Afb,Okaloosa,FL,32542
W-1253147,Rain,Light,2017-05-01 07:45:00,2017-05-01 09:13:00,US/Central,KVPS,30.4833,-86.5254,Eglin Afb,Okaloosa,FL,32542
W-1253148,Rain,Light,2017-05-01 09:22:00,2017-05-01 09:35:00,US/Central,KVPS,30.4833,-86.5254,Eglin Afb,Okaloosa,FL,32542
W-1253149,Rain,Light,2017-05-01 11:27:00,2017-05-01 13:43:00,US/Central,KVPS,30.4833,-86.5254,Eglin Afb,Okaloosa,FL,32542
W-1253150,Rain,Light,2017-05-01 13:48:00,2017-05-01 14:23:00,US/Central,KVPS,30.4833,-86.5254,Eglin Afb,Okaloosa,FL,32542
W-1253151,Rain,Light,2017-05-04 01:51:00,2017-05-04 02:51:00,US/Central,KVPS,30.4833,-86.5254,Eglin Afb,Okaloosa,FL,32542
W-1253152,Rain,Light,2017-05-04 03:17:00,2017-05-04 03:27:00,US/Central,KVPS,30.4833,-86.5254,Eglin Afb,Okaloosa,FL,32542
W-1253153,Rain,Light,2017-05-04 06:34:00,2017-05-04 07:15:00,US/Central,KVPS,30.4833,-86.5254,Eglin Afb,Okaloosa,FL,32542
W-1253154,Rain,Light,2017-05-04 07:27:00,2017-05-04 11:55:00,US/Central,KVPS,30.4833,-86.5254,Eglin Afb,Okaloosa,FL,32542
W-1253155,Rain,Moderate,2017-05-04 11:55:00,2017-05-04 12:55:00,US/Central,KVPS,30.4833,-86.5254,Eglin Afb,Okaloosa,FL,32542
W-1253156,Rain,Heavy,2017-05-04 12:55:00,2017-05-04 13:41:00,US/Central,KVPS,30.4833,-86.5254,Eglin Afb,Okaloosa,FL,32542
W-1253157,Rain,Light,2017-05-04 13:41:00,2017-05-04 13:55:00,US/Central,KVPS,30.4833,-86.5254,Eglin Afb,Okaloosa,FL,32542
W-1253158,Rain,Light,2017-05-04 21:42:00,2017-05-04 21:44:00,US/Central,KVPS,30.4833,-86.5254,Eglin Afb,Okaloosa,FL,32542
W-1253159,Rain,Light,2017-05-04 21:57:00,2017-05-04 22:20:00,US/Central,KVPS,30.4833,-86.5254,Eglin Afb,Okaloosa,FL,32542
W-1253160,Rain,Light,2017-05-04 23:20:00,2017-05-04 23:35:00,US/Central,KVPS,30.4833,-86.5254,Eglin Afb,Okaloosa,FL,32542
W-1253161,Fog,Moderate,2017-05-10 09:55:00,2017-05-10 11:55:00,US/Central,KVPS,30.4833,-86.5254,Eglin Afb,Okaloosa,FL,32542
W-1253162,Rain,Light,2017-05-12 21:55:00,2017-05-12 22:57:00,US/Central,KVPS,30.4833,-86.5254,Eglin Afb,Okaloosa,FL,32542
W-1253163,Rain,Heavy,2017-05-12 22:57:00,2017-05-12 23:17:00,US/Central,KVPS,30.4833,-86.5254,Eglin Afb,Okaloosa,FL,32542
W-1253164,Rain,Light,2017-05-12 23:17:00,2017-05-12 23:55:00,US/Central,KVPS,30.4833,-86.5254,Eglin Afb,Okaloosa,FL,32542
W-1253165,Rain,Moderate,2017-05-12 23:55:00,2017-05-13 00:11:00,US/Central,KVPS,30.4833,-86.5254,Eglin Afb,Okaloosa,FL,32542
W-1253166,Rain,Light,2017-05-13 00:51:00,2017-05-13 01:36:00,US/Central,KVPS,30.4833,-86.5254,Eglin Afb,Okaloosa,FL,32542
W-1253167,Rain,Light,2017-05-13 17:15:00,2017-05-13 17:36:00,US/Central,KVPS,30.4833,-86.5254,Eglin Afb,Okaloosa,FL,32542
W-1253168,Rain,Light,2017-05-20 22:48:00,2017-05-20 23:08:00,US/Central,KVPS,30.4833,-86.5254,Eglin Afb,Okaloosa,FL,32542
W-1253169,Rain,Light,2017-05-21 01:35:00,2017-05-21 03:55:00,US/Central,KVPS,30.4833,-86.5254,Eglin Afb,Okaloosa,FL,32542
W-1253170,Rain,Heavy,2017-05-21 03:55:00,2017-05-21 04:02:00,US/Central,KVPS,30.4833,-86.5254,Eglin Afb,Okaloosa,FL,32542
W-1253171,Rain,Light,2017-05-21 04:02:00,2017-05-21 05:55:00,US/Central,KVPS,30.4833,-86.5254,Eglin Afb,Okaloosa,FL,32542
W-1253172,Rain,Heavy,2017-05-21 05:55:00,2017-05-21 06:31:00,US/Central,KVPS,30.4833,-86.5254,Eglin Afb,Okaloosa,FL,32542
W-1253173,Rain,Light,2017-05-21 06:31:00,2017-05-21 06:55:00,US/Central,KVPS,30.4833,-86.5254,Eglin Afb,Okaloosa,FL,32542
W-1253174,Rain,Moderate,2017-05-21 06:55:00,2017-05-21 07:55:00,US/Central,KVPS,30.4833,-86.5254,Eglin Afb,Okaloosa,FL,32542
W-1253175,Rain,Light,2017-05-21 07:55:00,2017-05-21 11:45:00,US/Central,KVPS,30.4833,-86.5254,Eglin Afb,Okaloosa,FL,32542
W-1253176,Rain,Light,2017-05-23 03:55:00,2017-05-23 04:21:00,US/Central,KVPS,30.4833,-86.5254,Eglin Afb,Okaloosa,FL,32542
W-1253177,Rain,Light,2017-05-23 05:35:00,2017-05-23 10:55:00,US/Central,KVPS,30.4833,-86.5254,Eglin Afb,Okaloosa,FL,32542
W-1253178,Rain,Light,2017-05-23 15:43:00,2017-05-23 15:50:00,US/Central,KVPS,30.4833,-86.5254,Eglin Afb,Okaloosa,FL,32542
W-1253179,Rain,Light,2017-05-24 02:58:00,2017-05-24 04:10:00,US/Central,KVPS,30.4833,-86.5254,Eglin Afb,Okaloosa,FL,32542
W-1253180,Rain,Light,2017-05-24 04:19:00,2017-05-24 04:27:00,US/Central,KVPS,30.4833,-86.5254,Eglin Afb,Okaloosa,FL,32542
W-1253181,Rain,Light,2017-05-28 14:49:00,2017-05-28 15:17:00,US/Central,KVPS,30.4833,-86.5254,Eglin Afb,Okaloosa,FL,32542
W-1253182,Rain,Light,2017-05-29 12:19:00,2017-05-29 12:28:00,US/Central,KVPS,30.4833,-86.5254,Eglin Afb,Okaloosa,FL,32542
W-1253183,Rain,Light,2017-05-29 12:44:00,2017-05-29 13:56:00,US/Central,KVPS,30.4833,-86.5254,Eglin Afb,Okaloosa,FL,32542
W-1253184,Rain,Moderate,2017-05-29 13:56:00,2017-05-29 14:55:00,US/Central,KVPS,30.4833,-86.5254,Eglin Afb,Okaloosa,FL,32542
W-1253185,Rain,Light,2017-05-29 14:55:00,2017-05-29 15:55:00,US/Central,KVPS,30.4833,-86.5254,Eglin Afb,Okaloosa,FL,32542
W-1253186,Rain,Light,2017-05-29 16:16:00,2017-05-29 16:37:00,US/Central,KVPS,30.4833,-86.5254,Eglin Afb,Okaloosa,FL,32542
W-1253187,Rain,Light,2017-05-30 08:52:00,2017-05-30 09:25:00,US/Central,KVPS,30.4833,-86.5254,Eglin Afb,Okaloosa,FL,32542
W-1253188,Rain,Light,2017-05-31 12:35:00,2017-05-31 12:50:00,US/Central,KVPS,30.4833,-86.5254,Eglin Afb,Okaloosa,FL,32542
W-1253189,Rain,Light,2017-05-31 13:32:00,2017-05-31 14:08:00,US/Central,KVPS,30.4833,-86.5254,Eglin Afb,Okaloosa,FL,32542
W-1253190,Rain,Light,2017-05-31 14:49:00,2017-05-31 15:05:00,US/Central,KVPS,30.4833,-86.5254,Eglin Afb,Okaloosa,FL,32542
W-1253191,Rain,Light,2017-05-31 22:19:00,2017-05-31 23:38:00,US/Central,KVPS,30.4833,-86.5254,Eglin Afb,Okaloosa,FL,32542
W-1253192,Rain,Light,2017-05-31 23:55:00,2017-06-01 00:22:00,US/Central,KVPS,30.4833,-86.5254,Eglin Afb,Okaloosa,FL,32542
W-1253193,Rain,Light,2017-06-01 01:39:00,2017-06-01 02:48:00,US/Central,KVPS,30.4833,-86.5254,Eglin Afb,Okaloosa,FL,32542
W-1253194,Rain,Light,2017-06-01 15:30:00,2017-06-01 15:49:00,US/Central,KVPS,30.4833,-86.5254,Eglin Afb,Okaloosa,FL,32542
W-1253195,Rain,Light,2017-06-01 16:57:00,2017-06-01 17:50:00,US/Central,KVPS,30.4833,-86.5254,Eglin Afb,Okaloosa,FL,32542
W-1253196,Rain,Light,2017-06-01 18:26:00,2017-06-01 18:43:00,US/Central,KVPS,30.4833,-86.5254,Eglin Afb,Okaloosa,FL,32542
W-1253197,Rain,Light,2017-06-01 21:55:00,2017-06-01 22:55:00,US/Central,KVPS,30.4833,-86.5254,Eglin Afb,Okaloosa,FL,32542
W-1253198,Rain,Light,2017-06-02 09:53:00,2017-06-02 10:12:00,US/Central,KVPS,30.4833,-86.5254,Eglin Afb,Okaloosa,FL,32542
W-1253199,Rain,Light,2017-06-02 11:36:00,2017-06-02 12:29:00,US/Central,KVPS,30.4833,-86.5254,Eglin Afb,Okaloosa,FL,32542
W-1253200,Rain,Light,2017-06-03 13:22:00,2017-06-03 13:46:00,US/Central,KVPS,30.4833,-86.5254,Eglin Afb,Okaloosa,FL,32542
W-1253201,Rain,Light,2017-06-03 14:15:00,2017-06-03 15:18:00,US/Central,KVPS,30.4833,-86.5254,Eglin Afb,Okaloosa,FL,32542
W-1253202,Rain,Light,2017-06-03 15:47:00,2017-06-03 17:30:00,US/Central,KVPS,30.4833,-86.5254,Eglin Afb,Okaloosa,FL,32542
W-1253203,Rain,Light,2017-06-03 21:48:00,2017-06-03 22:02:00,US/Central,KVPS,30.4833,-86.5254,Eglin Afb,Okaloosa,FL,32542
W-1253204,Rain,Light,2017-06-03 22:39:00,2017-06-03 23:16:00,US/Central,KVPS,30.4833,-86.5254,Eglin Afb,Okaloosa,FL,32542
W-1253205,Rain,Light,2017-06-04 02:56:00,2017-06-04 03:55:00,US/Central,KVPS,30.4833,-86.5254,Eglin Afb,Okaloosa,FL,32542
W-1253206,Rain,Light,2017-06-04 11:51:00,2017-06-04 12:57:00,US/Central,KVPS,30.4833,-86.5254,Eglin Afb,Okaloosa,FL,32542
W-1253207,Rain,Light,2017-06-04 14:49:00,2017-06-04 15:05:00,US/Central,KVPS,30.4833,-86.5254,Eglin Afb,Okaloosa,FL,32542
W-1253208,Rain,Light,2017-06-05 12:19:00,2017-06-05 12:43:00,US/Central,KVPS,30.4833,-86.5254,Eglin Afb,Okaloosa,FL,32542
W-1253209,Rain,Light,2017-06-05 14:18:00,2017-06-05 14:57:00,US/Central,KVPS,30.4833,-86.5254,Eglin Afb,Okaloosa,FL,32542
W-1253210,Rain,Light,2017-06-05 16:29:00,2017-06-05 17:50:00,US/Central,KVPS,30.4833,-86.5254,Eglin Afb,Okaloosa,FL,32542
W-1253211,Rain,Light,2017-06-05 18:09:00,2017-06-05 18:48:00,US/Central,KVPS,30.4833,-86.5254,Eglin Afb,Okaloosa,FL,32542
W-1253212,Rain,Light,2017-06-06 01:14:00,2017-06-06 01:26:00,US/Central,KVPS,30.4833,-86.5254,Eglin Afb,Okaloosa,FL,32542
W-1253213,Rain,Light,2017-06-06 07:55:00,2017-06-06 08:16:00,US/Central,KVPS,30.4833,-86.5254,Eglin Afb,Okaloosa,FL,32542
W-1253214,Rain,Light,2017-06-06 09:08:00,2017-06-06 09:55:00,US/Central,KVPS,30.4833,-86.5254,Eglin Afb,Okaloosa,FL,32542
W-1253215,Rain,Moderate,2017-06-06 09:55:00,2017-06-06 10:24:00,US/Central,KVPS,30.4833,-86.5254,Eglin Afb,Okaloosa,FL,32542
W-1253216,Rain,Light,2017-06-06 10:24:00,2017-06-06 10:55:00,US/Central,KVPS,30.4833,-86.5254,Eglin Afb,Okaloosa,FL,32542
W-1253217,Rain,Moderate,2017-06-06 10:55:00,2017-06-06 11:03:00,US/Central,KVPS,30.4833,-86.5254,Eglin Afb,Okaloosa,FL,32542
W-1253218,Rain,Light,2017-06-06 11:03:00,2017-06-06 11:55:00,US/Central,KVPS,30.4833,-86.5254,Eglin Afb,Okaloosa,FL,32542
W-1253219,Rain,Moderate,2017-06-06 11:55:00,2017-06-06 12:43:00,US/Central,KVPS,30.4833,-86.5254,Eglin Afb,Okaloosa,FL,32542
W-1253220,Rain,Light,2017-06-06 15:24:00,2017-06-06 16:52:00,US/Central,KVPS,30.4833,-86.5254,Eglin Afb,Okaloosa,FL,32542
W-1253221,Rain,Light,2017-06-07 02:36:00,2017-06-07 03:08:00,US/Central,KVPS,30.4833,-86.5254,Eglin Afb,Okaloosa,FL,32542
W-1253222,Rain,Light,2017-06-07 03:48:00,2017-06-07 04:26:00,US/Central,KVPS,30.4833,-86.5254,Eglin Afb,Okaloosa,FL,32542
W-1253223,Rain,Light,2017-06-07 04:33:00,2017-06-07 04:44:00,US/Central,KVPS,30.4833,-86.5254,Eglin Afb,Okaloosa,FL,32542
W-1253224,Precipitation,UNK,2017-06-07 04:55:00,2017-06-07 05:04:00,US/Central,KVPS,30.4833,-86.5254,Eglin Afb,Okaloosa,FL,32542
W-1253225,Rain,Light,2017-06-07 05:04:00,2017-06-07 05:55:00,US/Central,KVPS,30.4833,-86.5254,Eglin Afb,Okaloosa,FL,32542
W-1253226,Rain,Moderate,2017-06-07 05:55:00,2017-06-07 06:12:00,US/Central,KVPS,30.4833,-86.5254,Eglin Afb,Okaloosa,FL,32542
W-1253227,Rain,Light,2017-06-07 06:12:00,2017-06-07 06:55:00,US/Central,KVPS,30.4833,-86.5254,Eglin Afb,Okaloosa,FL,32542
W-1253228,Fog,Severe,2017-06-07 06:55:00,2017-06-07 07:27:00,US/Central,KVPS,30.4833,-86.5254,Eglin Afb,Okaloosa,FL,32542
W-1253229,Rain,Light,2017-06-07 07:27:00,2017-06-07 07:57:00,US/Central,KVPS,30.4833,-86.5254,Eglin Afb,Okaloosa,FL,32542
W-1253230,Rain,Heavy,2017-06-07 07:57:00,2017-06-07 08:46:00,US/Central,KVPS,30.4833,-86.5254,Eglin Afb,Okaloosa,FL,32542
W-1253231,Rain,Light,2017-06-07 15:36:00,2017-06-07 16:19:00,US/Central,KVPS,30.4833,-86.5254,Eglin Afb,Okaloosa,FL,32542
W-1253232,Rain,Light,2017-06-07 18:15:00,2017-06-07 18:34:00,US/Central,KVPS,30.4833,-86.5254,Eglin Afb,Okaloosa,FL,32542
W-1253233,Rain,Light,2017-06-07 19:28:00,2017-06-07 19:55:00,US/Central,KVPS,30.4833,-86.5254,Eglin Afb,Okaloosa,FL,32542
W-1253234,Rain,Light,2017-06-07 20:55:00,2017-06-07 21:06:00,US/Central,KVPS,30.4833,-86.5254,Eglin Afb,Okaloosa,FL,32542
W-1253235,Rain,Light,2017-06-11 13:15:00,2017-06-11 14:55:00,US/Central,KVPS,30.4833,-86.5254,Eglin Afb,Okaloosa,FL,32542
W-1253236,Precipitation,UNK,2017-06-11 14:55:00,2017-06-11 15:41:00,US/Central,KVPS,30.4833,-86.5254,Eglin Afb,Okaloosa,FL,32542
W-1253237,Rain,Light,2017-06-12 14:45:00,2017-06-12 15:55:00,US/Central,KVPS,30.4833,-86.5254,Eglin Afb,Okaloosa,FL,32542
W-1253238,Rain,Moderate,2017-06-12 15:55:00,2017-06-12 16:20:00,US/Central,KVPS,30.4833,-86.5254,Eglin Afb,Okaloosa,FL,32542
W-1253239,Rain,Light,2017-06-12 16:20:00,2017-06-12 17:55:00,US/Central,KVPS,30.4833,-86.5254,Eglin Afb,Okaloosa,FL,32542
W-1253240,Rain,Heavy,2017-06-12 17:55:00,2017-06-12 18:55:00,US/Central,KVPS,30.4833,-86.5254,Eglin Afb,Okaloosa,FL,32542
W-1253241,Precipitation,UNK,2017-06-12 18:55:00,2017-06-12 20:55:00,US/Central,KVPS,30.4833,-86.5254,Eglin Afb,Okaloosa,FL,32542
W-1253242,Rain,Light,2017-06-12 23:55:00,2017-06-13 00:16:00,US/Central,KVPS,30.4833,-86.5254,Eglin Afb,Okaloosa,FL,32542
W-1253243,Rain,Light,2017-06-13 17:31:00,2017-06-13 17:55:00,US/Central,KVPS,30.4833,-86.5254,Eglin Afb,Okaloosa,FL,32542
W-1253244,Rain,Light,2017-06-13 18:24:00,2017-06-13 20:20:00,US/Central,KVPS,30.4833,-86.5254,Eglin Afb,Okaloosa,FL,32542
W-1253245,Rain,Light,2017-06-13 20:55:00,2017-06-13 21:10:00,US/Central,KVPS,30.4833,-86.5254,Eglin Afb,Okaloosa,FL,32542
W-1253246,Fog,Severe,2017-06-14 10:10:00,2017-06-14 10:18:00,US/Central,KVPS,30.4833,-86.5254,Eglin Afb,Okaloosa,FL,32542
W-1253247,Rain,Light,2017-06-14 12:30:00,2017-06-14 13:25:00,US/Central,KVPS,30.4833,-86.5254,Eglin Afb,Okaloosa,FL,32542
W-1253248,Rain,Light,2017-06-14 15:23:00,2017-06-14 15:55:00,US/Central,KVPS,30.4833,-86.5254,Eglin Afb,Okaloosa,FL,32542
W-1253249,Rain,Heavy,2017-06-14 15:55:00,2017-06-14 16:15:00,US/Central,KVPS,30.4833,-86.5254,Eglin Afb,Okaloosa,FL,32542
W-1253250,Rain,Light,2017-06-14 16:15:00,2017-06-14 18:27:00,US/Central,KVPS,30.4833,-86.5254,Eglin Afb,Okaloosa,FL,32542
W-1253251,Rain,Light,2017-06-15 13:15:00,2017-06-15 13:55:00,US/Central,KVPS,30.4833,-86.5254,Eglin Afb,Okaloosa,FL,32542
W-1253252,Rain,Light,2017-06-15 14:29:00,2017-06-15 16:38:00,US/Central,KVPS,30.4833,-86.5254,Eglin Afb,Okaloosa,FL,32542
W-1253253,Fog,Severe,2017-06-15 16:38:00,2017-06-15 16:50:00,US/Central,KVPS,30.4833,-86.5254,Eglin Afb,Okaloosa,FL,32542
W-1253254,Rain,Light,2017-06-15 16:50:00,2017-06-15 16:55:00,US/Central,KVPS,30.4833,-86.5254,Eglin Afb,Okaloosa,FL,32542
W-1253255,Rain,Heavy,2017-06-15 16:55:00,2017-06-15 17:26:00,US/Central,KVPS,30.4833,-86.5254,Eglin Afb,Okaloosa,FL,32542
W-1253256,Rain,Light,2017-06-15 17:26:00,2017-06-15 17:55:00,US/Central,KVPS,30.4833,-86.5254,Eglin Afb,Okaloosa,FL,32542
W-1253257,Rain,Moderate,2017-06-15 17:55:00,2017-06-15 18:32:00,US/Central,KVPS,30.4833,-86.5254,Eglin Afb,Okaloosa,FL,32542
W-1253258,Rain,Light,2017-06-15 18:32:00,2017-06-15 19:55:00,US/Central,KVPS,30.4833,-86.5254,Eglin Afb,Okaloosa,FL,32542
W-1253259,Rain,Light,2017-06-17 08:40:00,2017-06-17 09:14:00,US/Central,KVPS,30.4833,-86.5254,Eglin Afb,Okaloosa,FL,32542
W-1253260,Rain,Light,2017-06-17 09:19:00,2017-06-17 09:34:00,US/Central,KVPS,30.4833,-86.5254,Eglin Afb,Okaloosa,FL,32542
W-1253261,Rain,Light,2017-06-18 13:50:00,2017-06-18 14:09:00,US/Central,KVPS,30.4833,-86.5254,Eglin Afb,Okaloosa,FL,32542
W-1253262,Rain,Light,2017-06-18 16:20:00,2017-06-18 18:20:00,US/Central,KVPS,30.4833,-86.5254,Eglin Afb,Okaloosa,FL,32542
W-1253263,Rain,Light,2017-06-19 21:19:00,2017-06-19 21:26:00,US/Central,KVPS,30.4833,-86.5254,Eglin Afb,Okaloosa,FL,32542
W-1253264,Rain,Light,2017-06-20 02:27:00,2017-06-20 04:55:00,US/Central,KVPS,30.4833,-86.5254,Eglin Afb,Okaloosa,FL,32542
W-1253265,Rain,Moderate,2017-06-20 04:55:00,2017-06-20 05:55:00,US/Central,KVPS,30.4833,-86.5254,Eglin Afb,Okaloosa,FL,32542
W-1253266,Rain,Light,2017-06-20 05:55:00,2017-06-20 11:22:00,US/Central,KVPS,30.4833,-86.5254,Eglin Afb,Okaloosa,FL,32542
W-1253267,Rain,Light,2017-06-20 11:52:00,2017-06-20 22:55:00,US/Central,KVPS,30.4833,-86.5254,Eglin Afb,Okaloosa,FL,32542
W-1253268,Rain,Moderate,2017-06-20 22:55:00,2017-06-21 00:55:00,US/Central,KVPS,30.4833,-86.5254,Eglin Afb,Okaloosa,FL,32542
W-1253269,Rain,Light,2017-06-21 00:55:00,2017-06-21 03:55:00,US/Central,KVPS,30.4833,-86.5254,Eglin Afb,Okaloosa,FL,32542
W-1253270,Rain,Heavy,2017-06-21 03:55:00,2017-06-21 04:28:00,US/Central,KVPS,30.4833,-86.5254,Eglin Afb,Okaloosa,FL,32542
W-1253271,Rain,Light,2017-06-21 04:28:00,2017-06-21 04:55:00,US/Central,KVPS,30.4833,-86.5254,Eglin Afb,Okaloosa,FL,32542
W-1253272,Rain,Moderate,2017-06-21 04:55:00,2017-06-21 05:55:00,US/Central,KVPS,30.4833,-86.5254,Eglin Afb,Okaloosa,FL,32542
W-1253273,Rain,Light,2017-06-21 06:57:00,2017-06-21 08:55:00,US/Central,KVPS,30.4833,-86.5254,Eglin Afb,Okaloosa,FL,32542
W-1253274,Rain,Moderate,2017-06-21 08:55:00,2017-06-21 09:44:00,US/Central,KVPS,30.4833,-86.5254,Eglin Afb,Okaloosa,FL,32542
W-1253275,Rain,Light,2017-06-21 09:44:00,2017-06-21 09:56:00,US/Central,KVPS,30.4833,-86.5254,Eglin Afb,Okaloosa,FL,32542
W-1253276,Rain,Heavy,2017-06-21 09:56:00,2017-06-21 10:14:00,US/Central,KVPS,30.4833,-86.5254,Eglin Afb,Okaloosa,FL,32542
W-1253277,Rain,Light,2017-06-21 10:14:00,2017-06-21 10:55:00,US/Central,KVPS,30.4833,-86.5254,Eglin Afb,Okaloosa,FL,32542
W-1253278,Rain,Moderate,2017-06-21 10:55:00,2017-06-21 11:24:00,US/Central,KVPS,30.4833,-86.5254,Eglin Afb,Okaloosa,FL,32542
W-1253279,Rain,Light,2017-06-21 11:24:00,2017-06-21 11:57:00,US/Central,KVPS,30.4833,-86.5254,Eglin Afb,Okaloosa,FL,32542
W-1253280,Rain,Heavy,2017-06-21 11:57:00,2017-06-21 12:04:00,US/Central,KVPS,30.4833,-86.5254,Eglin Afb,Okaloosa,FL,32542
W-1253281,Rain,Light,2017-06-21 12:04:00,2017-06-21 12:55:00,US/Central,KVPS,30.4833,-86.5254,Eglin Afb,Okaloosa,FL,32542
W-1253282,Rain,Heavy,2017-06-21 12:55:00,2017-06-21 13:44:00,US/Central,KVPS,30.4833,-86.5254,Eglin Afb,Okaloosa,FL,32542
W-1253283,Rain,Light,2017-06-21 13:44:00,2017-06-21 13:55:00,US/Central,KVPS,30.4833,-86.5254,Eglin Afb,Okaloosa,FL,32542
W-1253284,Rain,Heavy,2017-06-21 13:55:00,2017-06-21 14:47:00,US/Central,KVPS,30.4833,-86.5254,Eglin Afb,Okaloosa,FL,32542
W-1253285,Rain,Light,2017-06-21 14:47:00,2017-06-21 14:55:00,US/Central,KVPS,30.4833,-86.5254,Eglin Afb,Okaloosa,FL,32542
W-1253286,Rain,Moderate,2017-06-21 14:55:00,2017-06-21 15:03:00,US/Central,KVPS,30.4833,-86.5254,Eglin Afb,Okaloosa,FL,32542
W-1253287,Rain,Light,2017-06-21 15:03:00,2017-06-21 16:55:00,US/Central,KVPS,30.4833,-86.5254,Eglin Afb,Okaloosa,FL,32542
W-1253288,Rain,Moderate,2017-06-21 16:55:00,2017-06-21 17:55:00,US/Central,KVPS,30.4833,-86.5254,Eglin Afb,Okaloosa,FL,32542
W-1253289,Rain,Light,2017-06-21 17:55:00,2017-06-21 18:34:00,US/Central,KVPS,30.4833,-86.5254,Eglin Afb,Okaloosa,FL,32542
W-1253290,Rain,Light,2017-06-22 00:55:00,2017-06-22 01:55:00,US/Central,KVPS,30.4833,-86.5254,Eglin Afb,Okaloosa,FL,32542
W-1253291,Rain,Heavy,2017-06-22 01:55:00,2017-06-22 02:45:00,US/Central,KVPS,30.4833,-86.5254,Eglin Afb,Okaloosa,FL,32542
W-1253292,Rain,Light,2017-06-22 02:45:00,2017-06-22 06:55:00,US/Central,KVPS,30.4833,-86.5254,Eglin Afb,Okaloosa,FL,32542
W-1253293,Rain,Light,2017-06-22 07:56:00,2017-06-22 08:56:00,US/Central,KVPS,30.4833,-86.5254,Eglin Afb,Okaloosa,FL,32542
W-1253294,Rain,Moderate,2017-06-22 08:56:00,2017-06-22 09:19:00,US/Central,KVPS,30.4833,-86.5254,Eglin Afb,Okaloosa,FL,32542
W-1253295,Rain,Light,2017-06-22 09:19:00,2017-06-22 09:59:00,US/Central,KVPS,30.4833,-86.5254,Eglin Afb,Okaloosa,FL,32542
W-1253296,Precipitation,UNK,2017-06-22 09:59:00,2017-06-22 10:55:00,US/Central,KVPS,30.4833,-86.5254,Eglin Afb,Okaloosa,FL,32542
W-1253297,Rain,Light,2017-06-22 12:44:00,2017-06-22 12:55:00,US/Central,KVPS,30.4833,-86.5254,Eglin Afb,Okaloosa,FL,32542
W-1253298,Rain,Light,2017-06-22 14:13:00,2017-06-22 14:39:00,US/Central,KVPS,30.4833,-86.5254,Eglin Afb,Okaloosa,FL,32542
W-1253299,Rain,Light,2017-06-22 15:35:00,2017-06-22 15:55:00,US/Central,KVPS,30.4833,-86.5254,Eglin Afb,Okaloosa,FL,32542
W-1253300,Rain,Light,2017-06-24 20:01:00,2017-06-24 20:33:00,US/Central,KVPS,30.4833,-86.5254,Eglin Afb,Okaloosa,FL,32542
W-1253301,Rain,Light,2017-06-25 06:42:00,2017-06-25 07:02:00,US/Central,KVPS,30.4833,-86.5254,Eglin Afb,Okaloosa,FL,32542
W-1253302,Rain,Light,2017-06-25 07:55:00,2017-06-25 08:14:00,US/Central,KVPS,30.4833,-86.5254,Eglin Afb,Okaloosa,FL,32542
W-1253303,Rain,Light,2017-06-25 08:55:00,2017-06-25 09:55:00,US/Central,KVPS,30.4833,-86.5254,Eglin Afb,Okaloosa,FL,32542
W-1253304,Rain,Light,2017-06-25 18:29:00,2017-06-25 19:55:00,US/Central,KVPS,30.4833,-86.5254,Eglin Afb,Okaloosa,FL,32542
W-1253305,Rain,Moderate,2017-06-25 19:55:00,2017-06-25 20:30:00,US/Central,KVPS,30.4833,-86.5254,Eglin Afb,Okaloosa,FL,32542
W-1253306,Rain,Light,2017-06-25 20:30:00,2017-06-25 20:55:00,US/Central,KVPS,30.4833,-86.5254,Eglin Afb,Okaloosa,FL,32542
W-1253307,Rain,Moderate,2017-06-25 20:55:00,2017-06-25 21:06:00,US/Central,KVPS,30.4833,-86.5254,Eglin Afb,Okaloosa,FL,32542
W-1253308,Rain,Light,2017-06-25 21:06:00,2017-06-25 21:56:00,US/Central,KVPS,30.4833,-86.5254,Eglin Afb,Okaloosa,FL,32542
W-1253309,Rain,Light,2017-06-26 01:55:00,2017-06-26 02:55:00,US/Central,KVPS,30.4833,-86.5254,Eglin Afb,Okaloosa,FL,32542
W-1253310,Rain,Light,2017-06-27 21:18:00,2017-06-27 23:55:00,US/Central,KVPS,30.4833,-86.5254,Eglin Afb,Okaloosa,FL,32542
W-1253311,Rain,Light,2017-06-28 22:14:00,2017-06-28 22:29:00,US/Central,KVPS,30.4833,-86.5254,Eglin Afb,Okaloosa,FL,32542
W-1253312,Fog,Severe,2017-06-28 22:29:00,2017-06-28 22:40:00,US/Central,KVPS,30.4833,-86.5254,Eglin Afb,Okaloosa,FL,32542
W-1253313,Rain,Light,2017-06-28 22:40:00,2017-06-28 23:55:00,US/Central,KVPS,30.4833,-86.5254,Eglin Afb,Okaloosa,FL,32542
W-1253314,Rain,Light,2017-06-29 01:18:00,2017-06-29 01:55:00,US/Central,KVPS,30.4833,-86.5254,Eglin Afb,Okaloosa,FL,32542
W-1253315,Rain,Light,2017-06-29 02:55:00,2017-06-29 04:55:00,US/Central,KVPS,30.4833,-86.5254,Eglin Afb,Okaloosa,FL,32542
W-1253316,Rain,Light,2017-06-29 08:51:00,2017-06-29 10:16:00,US/Central,KVPS,30.4833,-86.5254,Eglin Afb,Okaloosa,FL,32542
W-1253317,Rain,Light,2017-06-29 10:41:00,2017-06-29 10:57:00,US/Central,KVPS,30.4833,-86.5254,Eglin Afb,Okaloosa,FL,32542
W-1253318,Rain,Light,2017-06-29 11:24:00,2017-06-29 11:58:00,US/Central,KVPS,30.4833,-86.5254,Eglin Afb,Okaloosa,FL,32542
W-1253319,Rain,Heavy,2017-06-29 11:58:00,2017-06-29 12:04:00,US/Central,KVPS,30.4833,-86.5254,Eglin Afb,Okaloosa,FL,32542
W-1253320,Rain,Light,2017-06-29 14:18:00,2017-06-29 15:55:00,US/Central,KVPS,30.4833,-86.5254,Eglin Afb,Okaloosa,FL,32542
W-1253321,Rain,Heavy,2017-06-29 15:55:00,2017-06-29 16:09:00,US/Central,KVPS,30.4833,-86.5254,Eglin Afb,Okaloosa,FL,32542
W-1253322,Rain,Light,2017-06-29 16:09:00,2017-06-29 16:55:00,US/Central,KVPS,30.4833,-86.5254,Eglin Afb,Okaloosa,FL,32542
W-1253323,Rain,Heavy,2017-06-29 16:55:00,2017-06-29 17:55:00,US/Central,KVPS,30.4833,-86.5254,Eglin Afb,Okaloosa,FL,32542
W-1253324,Rain,Light,2017-06-29 18:26:00,2017-06-29 18:55:00,US/Central,KVPS,30.4833,-86.5254,Eglin Afb,Okaloosa,FL,32542
W-1253325,Rain,Moderate,2017-06-29 18:55:00,2017-06-29 19:03:00,US/Central,KVPS,30.4833,-86.5254,Eglin Afb,Okaloosa,FL,32542
W-1253326,Rain,Light,2017-06-29 19:03:00,2017-06-29 19:45:00,US/Central,KVPS,30.4833,-86.5254,Eglin Afb,Okaloosa,FL,32542
W-1253327,Rain,Light,2017-06-30 10:18:00,2017-06-30 12:18:00,US/Central,KVPS,30.4833,-86.5254,Eglin Afb,Okaloosa,FL,32542
W-1253328,Rain,Light,2017-07-01 18:17:00,2017-07-01 18:41:00,US/Central,KVPS,30.4833,-86.5254,Eglin Afb,Okaloosa,FL,32542
W-1253329,Rain,Light,2017-07-02 07:07:00,2017-07-02 07:21:00,US/Central,KVPS,30.4833,-86.5254,Eglin Afb,Okaloosa,FL,32542
W-1253330,Rain,Light,2017-07-07 15:55:00,2017-07-07 16:29:00,US/Central,KVPS,30.4833,-86.5254,Eglin Afb,Okaloosa,FL,32542
W-1253331,Rain,Light,2017-07-07 16:50:00,2017-07-07 17:14:00,US/Central,KVPS,30.4833,-86.5254,Eglin Afb,Okaloosa,FL,32542
W-1253332,Rain,Light,2017-07-07 17:37:00,2017-07-07 18:55:00,US/Central,KVPS,30.4833,-86.5254,Eglin Afb,Okaloosa,FL,32542
W-1253333,Rain,Light,2017-07-07 19:14:00,2017-07-07 20:28:00,US/Central,KVPS,30.4833,-86.5254,Eglin Afb,Okaloosa,FL,32542
W-1253334,Rain,Light,2017-07-08 13:55:00,2017-07-08 15:17:00,US/Central,KVPS,30.4833,-86.5254,Eglin Afb,Okaloosa,FL,32542
W-1253335,Rain,Light,2017-07-08 18:55:00,2017-07-08 20:09:00,US/Central,KVPS,30.4833,-86.5254,Eglin Afb,Okaloosa,FL,32542
W-1253336,Rain,Light,2017-07-08 21:28:00,2017-07-08 21:55:00,US/Central,KVPS,30.4833,-86.5254,Eglin Afb,Okaloosa,FL,32542
W-1253337,Rain,Moderate,2017-07-08 21:55:00,2017-07-08 22:41:00,US/Central,KVPS,30.4833,-86.5254,Eglin Afb,Okaloosa,FL,32542
W-1253338,Rain,Light,2017-07-09 20:17:00,2017-07-09 20:40:00,US/Central,KVPS,30.4833,-86.5254,Eglin Afb,Okaloosa,FL,32542
W-1253339,Rain,Light,2017-07-09 21:13:00,2017-07-09 21:55:00,US/Central,KVPS,30.4833,-86.5254,Eglin Afb,Okaloosa,FL,32542
W-1253340,Rain,Light,2017-07-10 17:49:00,2017-07-10 20:13:00,US/Central,KVPS,30.4833,-86.5254,Eglin Afb,Okaloosa,FL,32542
W-1253341,Rain,Light,2017-07-11 03:52:00,2017-07-11 04:28:00,US/Central,KVPS,30.4833,-86.5254,Eglin Afb,Okaloosa,FL,32542
W-1253342,Rain,Light,2017-07-11 08:33:00,2017-07-11 11:09:00,US/Central,KVPS,30.4833,-86.5254,Eglin Afb,Okaloosa,FL,32542
W-1253343,Rain,Light,2017-07-11 15:55:00,2017-07-11 16:55:00,US/Central,KVPS,30.4833,-86.5254,Eglin Afb,Okaloosa,FL,32542
W-1253344,Rain,Light,2017-07-12 01:10:00,2017-07-12 01:55:00,US/Central,KVPS,30.4833,-86.5254,Eglin Afb,Okaloosa,FL,32542
W-1253345,Rain,Light,2017-07-12 13:17:00,2017-07-12 14:16:00,US/Central,KVPS,30.4833,-86.5254,Eglin Afb,Okaloosa,FL,32542
W-1253346,Rain,Light,2017-07-13 17:55:00,2017-07-13 21:31:00,US/Central,KVPS,30.4833,-86.5254,Eglin Afb,Okaloosa,FL,32542
W-1253347,Rain,Light,2017-07-13 21:38:00,2017-07-13 23:31:00,US/Central,KVPS,30.4833,-86.5254,Eglin Afb,Okaloosa,FL,32542
W-1253348,Rain,Light,2017-07-14 18:12:00,2017-07-14 20:12:00,US/Central,KVPS,30.4833,-86.5254,Eglin Afb,Okaloosa,FL,32542
W-1253349,Rain,Light,2017-07-14 20:28:00,2017-07-14 20:55:00,US/Central,KVPS,30.4833,-86.5254,Eglin Afb,Okaloosa,FL,32542
W-1253350,Rain,Light,2017-07-14 21:35:00,2017-07-14 22:40:00,US/Central,KVPS,30.4833,-86.5254,Eglin Afb,Okaloosa,FL,32542
W-1253351,Cold,Severe,2017-07-15 03:56:00,2017-07-15 04:55:00,US/Central,KVPS,30.4833,-86.5254,Eglin Afb,Okaloosa,FL,32542
W-1253352,Rain,Light,2017-07-16 03:49:00,2017-07-16 04:10:00,US/Central,KVPS,30.4833,-86.5254,Eglin Afb,Okaloosa,FL,32542
W-1253353,Rain,Light,2017-07-16 13:31:00,2017-07-16 13:49:00,US/Central,KVPS,30.4833,-86.5254,Eglin Afb,Okaloosa,FL,32542
W-1253354,Rain,Light,2017-07-16 14:02:00,2017-07-16 14:55:00,US/Central,KVPS,30.4833,-86.5254,Eglin Afb,Okaloosa,FL,32542
W-1253355,Rain,Moderate,2017-07-16 14:55:00,2017-07-16 15:12:00,US/Central,KVPS,30.4833,-86.5254,Eglin Afb,Okaloosa,FL,32542
W-1253356,Rain,Light,2017-07-16 15:12:00,2017-07-16 15:56:00,US/Central,KVPS,30.4833,-86.5254,Eglin Afb,Okaloosa,FL,32542
W-1253357,Rain,Moderate,2017-07-16 15:56:00,2017-07-16 16:08:00,US/Central,KVPS,30.4833,-86.5254,Eglin Afb,Okaloosa,FL,32542
W-1253358,Rain,Light,2017-07-16 16:08:00,2017-07-16 18:47:00,US/Central,KVPS,30.4833,-86.5254,Eglin Afb,Okaloosa,FL,32542
W-1253359,Rain,Light,2017-07-17 07:29:00,2017-07-17 08:14:00,US/Central,KVPS,30.4833,-86.5254,Eglin Afb,Okaloosa,FL,32542
W-1253360,Rain,Light,2017-07-17 08:52:00,2017-07-17 11:55:00,US/Central,KVPS,30.4833,-86.5254,Eglin Afb,Okaloosa,FL,32542
W-1253361,Rain,Moderate,2017-07-17 11:55:00,2017-07-17 12:55:00,US/Central,KVPS,30.4833,-86.5254,Eglin Afb,Okaloosa,FL,32542
W-1253362,Rain,Light,2017-07-17 13:08:00,2017-07-17 13:25:00,US/Central,KVPS,30.4833,-86.5254,Eglin Afb,Okaloosa,FL,32542
W-1253363,Rain,Light,2017-07-17 17:24:00,2017-07-17 18:09:00,US/Central,KVPS,30.4833,-86.5254,Eglin Afb,Okaloosa,FL,32542
W-1253364,Rain,Light,2017-07-17 20:39:00,2017-07-17 20:55:00,US/Central,KVPS,30.4833,-86.5254,Eglin Afb,Okaloosa,FL,32542
W-1253365,Rain,Light,2017-07-18 10:41:00,2017-07-18 11:32:00,US/Central,KVPS,30.4833,-86.5254,Eglin Afb,Okaloosa,FL,32542
W-1253366,Rain,Light,2017-07-18 14:38:00,2017-07-18 14:55:00,US/Central,KVPS,30.4833,-86.5254,Eglin Afb,Okaloosa,FL,32542
W-1253367,Rain,Light,2017-07-18 17:11:00,2017-07-18 18:36:00,US/Central,KVPS,30.4833,-86.5254,Eglin Afb,Okaloosa,FL,32542
W-1253368,Rain,Light,2017-07-18 19:55:00,2017-07-18 20:38:00,US/Central,KVPS,30.4833,-86.5254,Eglin Afb,Okaloosa,FL,32542
W-1253369,Rain,Light,2017-07-20 19:55:00,2017-07-20 20:12:00,US/Central,KVPS,30.4833,-86.5254,Eglin Afb,Okaloosa,FL,32542
W-1253370,Rain,Light,2017-07-20 20:34:00,2017-07-20 21:55:00,US/Central,KVPS,30.4833,-86.5254,Eglin Afb,Okaloosa,FL,32542
W-1253371,Rain,Heavy,2017-07-20 21:55:00,2017-07-20 22:11:00,US/Central,KVPS,30.4833,-86.5254,Eglin Afb,Okaloosa,FL,32542
W-1253372,Rain,Light,2017-07-20 22:11:00,2017-07-20 22:48:00,US/Central,KVPS,30.4833,-86.5254,Eglin Afb,Okaloosa,FL,32542
W-1253373,Rain,Light,2017-07-20 23:46:00,2017-07-21 00:47:00,US/Central,KVPS,30.4833,-86.5254,Eglin Afb,Okaloosa,FL,32542
W-1253374,Rain,Light,2017-07-21 18:50:00,2017-07-21 20:14:00,US/Central,KVPS,30.4833,-86.5254,Eglin Afb,Okaloosa,FL,32542
W-1253375,Rain,Light,2017-07-21 20:56:00,2017-07-21 21:28:00,US/Central,KVPS,30.4833,-86.5254,Eglin Afb,Okaloosa,FL,32542
W-1253376,Rain,Light,2017-07-22 13:15:00,2017-07-22 13:23:00,US/Central,KVPS,30.4833,-86.5254,Eglin Afb,Okaloosa,FL,32542
W-1253377,Rain,Light,2017-07-22 17:29:00,2017-07-22 17:51:00,US/Central,KVPS,30.4833,-86.5254,Eglin Afb,Okaloosa,FL,32542
W-1253378,Rain,Light,2017-07-22 19:27:00,2017-07-22 20:44:00,US/Central,KVPS,30.4833,-86.5254,Eglin Afb,Okaloosa,FL,32542
W-1253379,Rain,Light,2017-07-23 11:00:00,2017-07-23 11:33:00,US/Central,KVPS,30.4833,-86.5254,Eglin Afb,Okaloosa,FL,32542
W-1253380,Rain,Light,2017-07-23 12:32:00,2017-07-23 13:10:00,US/Central,KVPS,30.4833,-86.5254,Eglin Afb,Okaloosa,FL,32542
W-1253381,Rain,Light,2017-07-23 17:27:00,2017-07-23 17:58:00,US/Central,KVPS,30.4833,-86.5254,Eglin Afb,Okaloosa,FL,32542
W-1253382,Rain,Moderate,2017-07-23 17:58:00,2017-07-23 18:16:00,US/Central,KVPS,30.4833,-86.5254,Eglin Afb,Okaloosa,FL,32542
W-1253383,Rain,Light,2017-07-23 18:16:00,2017-07-23 18:39:00,US/Central,KVPS,30.4833,-86.5254,Eglin Afb,Okaloosa,FL,32542
W-1253384,Rain,Light,2017-07-23 20:56:00,2017-07-23 21:55:00,US/Central,KVPS,30.4833,-86.5254,Eglin Afb,Okaloosa,FL,32542
W-1253385,Rain,Light,2017-07-24 06:10:00,2017-07-24 06:58:00,US/Central,KVPS,30.4833,-86.5254,Eglin Afb,Okaloosa,FL,32542
W-1253386,Rain,Moderate,2017-07-24 06:58:00,2017-07-24 07:43:00,US/Central,KVPS,30.4833,-86.5254,Eglin Afb,Okaloosa,FL,32542
W-1253387,Rain,Light,2017-07-24 07:43:00,2017-07-24 10:30:00,US/Central,KVPS,30.4833,-86.5254,Eglin Afb,Okaloosa,FL,32542
W-1253388,Rain,Light,2017-07-24 11:28:00,2017-07-24 11:47:00,US/Central,KVPS,30.4833,-86.5254,Eglin Afb,Okaloosa,FL,32542
W-1253389,Rain,Light,2017-07-24 15:55:00,2017-07-24 17:17:00,US/Central,KVPS,30.4833,-86.5254,Eglin Afb,Okaloosa,FL,32542
W-1253390,Rain,Light,2017-07-24 17:34:00,2017-07-24 18:55:00,US/Central,KVPS,30.4833,-86.5254,Eglin Afb,Okaloosa,FL,32542
W-1253391,Rain,Light,2017-07-25 19:36:00,2017-07-25 19:48:00,US/Central,KVPS,30.4833,-86.5254,Eglin Afb,Okaloosa,FL,32542
W-1253392,Rain,Moderate,2017-07-25 19:55:00,2017-07-25 20:12:00,US/Central,KVPS,30.4833,-86.5254,Eglin Afb,Okaloosa,FL,32542
W-1253393,Rain,Light,2017-07-25 20:12:00,2017-07-25 20:38:00,US/Central,KVPS,30.4833,-86.5254,Eglin Afb,Okaloosa,FL,32542
W-1253394,Rain,Light,2017-07-26 21:55:00,2017-07-26 22:56:00,US/Central,KVPS,30.4833,-86.5254,Eglin Afb,Okaloosa,FL,32542
W-1253395,Rain,Heavy,2017-07-26 22:56:00,2017-07-26 23:25:00,US/Central,KVPS,30.4833,-86.5254,Eglin Afb,Okaloosa,FL,32542
W-1253396,Rain,Light,2017-07-26 23:25:00,2017-07-26 23:55:00,US/Central,KVPS,30.4833,-86.5254,Eglin Afb,Okaloosa,FL,32542
W-1253397,Rain,Heavy,2017-07-26 23:55:00,2017-07-27 00:05:00,US/Central,KVPS,30.4833,-86.5254,Eglin Afb,Okaloosa,FL,32542
W-1253398,Rain,Light,2017-07-27 00:05:00,2017-07-27 00:14:00,US/Central,KVPS,30.4833,-86.5254,Eglin Afb,Okaloosa,FL,32542
W-1253399,Rain,Light,2017-07-27 01:30:00,2017-07-27 02:22:00,US/Central,KVPS,30.4833,-86.5254,Eglin Afb,Okaloosa,FL,32542
W-1253400,Rain,Light,2017-07-27 02:35:00,2017-07-27 02:56:00,US/Central,KVPS,30.4833,-86.5254,Eglin Afb,Okaloosa,FL,32542
W-1253401,Rain,Light,2017-07-27 19:39:00,2017-07-27 20:27:00,US/Central,KVPS,30.4833,-86.5254,Eglin Afb,Okaloosa,FL,32542
W-1253402,Rain,Light,2017-07-27 20:37:00,2017-07-27 21:16:00,US/Central,KVPS,30.4833,-86.5254,Eglin Afb,Okaloosa,FL,32542
W-1253403,Rain,Light,2017-07-27 21:30:00,2017-07-27 23:11:00,US/Central,KVPS,30.4833,-86.5254,Eglin Afb,Okaloosa,FL,32542
W-1253404,Rain,Light,2017-07-27 23:41:00,2017-07-28 00:19:00,US/Central,KVPS,30.4833,-86.5254,Eglin Afb,Okaloosa,FL,32542
W-1253405,Rain,Light,2017-07-28 02:01:00,2017-07-28 02:27:00,US/Central,KVPS,30.4833,-86.5254,Eglin Afb,Okaloosa,FL,32542
W-1253406,Rain,Light,2017-07-28 20:56:00,2017-07-28 21:10:00,US/Central,KVPS,30.4833,-86.5254,Eglin Afb,Okaloosa,FL,32542
W-1253407,Rain,Light,2017-07-29 15:13:00,2017-07-29 15:24:00,US/Central,KVPS,30.4833,-86.5254,Eglin Afb,Okaloosa,FL,32542
W-1253408,Rain,Light,2017-07-29 18:39:00,2017-07-29 18:58:00,US/Central,KVPS,30.4833,-86.5254,Eglin Afb,Okaloosa,FL,32542
W-1253409,Rain,Light,2017-07-29 19:11:00,2017-07-29 20:16:00,US/Central,KVPS,30.4833,-86.5254,Eglin Afb,Okaloosa,FL,32542
W-1253410,Rain,Light,2017-07-29 22:44:00,2017-07-29 23:08:00,US/Central,KVPS,30.4833,-86.5254,Eglin Afb,Okaloosa,FL,32542
W-1253411,Rain,Light,2017-08-03 10:49:00,2017-08-03 14:03:00,US/Central,KVPS,30.4833,-86.5254,Eglin Afb,Okaloosa,FL,32542
W-1253412,Rain,Light,2017-08-03 17:02:00,2017-08-03 19:55:00,US/Central,KVPS,30.4833,-86.5254,Eglin Afb,Okaloosa,FL,32542
W-1253413,Rain,Moderate,2017-08-03 19:55:00,2017-08-03 20:55:00,US/Central,KVPS,30.4833,-86.5254,Eglin Afb,Okaloosa,FL,32542
W-1253414,Rain,Light,2017-08-03 20:55:00,2017-08-03 21:46:00,US/Central,KVPS,30.4833,-86.5254,Eglin Afb,Okaloosa,FL,32542
W-1253415,Rain,Light,2017-08-03 22:11:00,2017-08-03 23:05:00,US/Central,KVPS,30.4833,-86.5254,Eglin Afb,Okaloosa,FL,32542
W-1253416,Rain,Light,2017-08-03 23:11:00,2017-08-03 23:31:00,US/Central,KVPS,30.4833,-86.5254,Eglin Afb,Okaloosa,FL,32542
W-1253417,Rain,Light,2017-08-03 23:46:00,2017-08-04 00:06:00,US/Central,KVPS,30.4833,-86.5254,Eglin Afb,Okaloosa,FL,32542
W-1253418,Rain,Light,2017-08-04 00:15:00,2017-08-04 00:34:00,US/Central,KVPS,30.4833,-86.5254,Eglin Afb,Okaloosa,FL,32542
W-1253419,Rain,Light,2017-08-04 00:47:00,2017-08-04 03:03:00,US/Central,KVPS,30.4833,-86.5254,Eglin Afb,Okaloosa,FL,32542
W-1253420,Rain,Light,2017-08-04 12:05:00,2017-08-04 13:58:00,US/Central,KVPS,30.4833,-86.5254,Eglin Afb,Okaloosa,FL,32542
W-1253421,Rain,Moderate,2017-08-04 13:58:00,2017-08-04 14:20:00,US/Central,KVPS,30.4833,-86.5254,Eglin Afb,Okaloosa,FL,32542
W-1253422,Rain,Light,2017-08-04 14:20:00,2017-08-04 14:32:00,US/Central,KVPS,30.4833,-86.5254,Eglin Afb,Okaloosa,FL,32542
W-1253423,Fog,Severe,2017-08-04 14:32:00,2017-08-04 14:57:00,US/Central,KVPS,30.4833,-86.5254,Eglin Afb,Okaloosa,FL,32542
W-1253424,Rain,Heavy,2017-08-04 14:57:00,2017-08-04 15:15:00,US/Central,KVPS,30.4833,-86.5254,Eglin Afb,Okaloosa,FL,32542
W-1253425,Rain,Light,2017-08-04 15:15:00,2017-08-04 16:56:00,US/Central,KVPS,30.4833,-86.5254,Eglin Afb,Okaloosa,FL,32542
W-1253426,Rain,Moderate,2017-08-04 16:56:00,2017-08-04 21:20:00,US/Central,KVPS,30.4833,-86.5254,Eglin Afb,Okaloosa,FL,32542
W-1253427,Rain,Light,2017-08-04 23:43:00,2017-08-04 23:50:00,US/Central,KVPS,30.4833,-86.5254,Eglin Afb,Okaloosa,FL,32542
W-1253428,Rain,Light,2017-08-05 01:39:00,2017-08-05 01:56:00,US/Central,KVPS,30.4833,-86.5254,Eglin Afb,Okaloosa,FL,32542
W-1253429,Rain,Light,2017-08-05 11:36:00,2017-08-05 13:35:00,US/Central,KVPS,30.4833,-86.5254,Eglin Afb,Okaloosa,FL,32542
W-1253430,Rain,Light,2017-08-05 13:53:00,2017-08-05 14:42:00,US/Central,KVPS,30.4833,-86.5254,Eglin Afb,Okaloosa,FL,32542
W-1253431,Rain,Light,2017-08-05 17:33:00,2017-08-05 17:55:00,US/Central,KVPS,30.4833,-86.5254,Eglin Afb,Okaloosa,FL,32542
W-1253432,Rain,Light,2017-08-05 20:22:00,2017-08-05 20:41:00,US/Central,KVPS,30.4833,-86.5254,Eglin Afb,Okaloosa,FL,32542
W-1253433,Cold,Severe,2017-08-07 14:56:00,2017-08-07 15:21:00,US/Central,KVPS,30.4833,-86.5254,Eglin Afb,Okaloosa,FL,32542
W-1253434,Rain,Light,2017-08-07 15:29:00,2017-08-07 15:42:00,US/Central,KVPS,30.4833,-86.5254,Eglin Afb,Okaloosa,FL,32542
W-1253435,Rain,Light,2017-08-07 17:07:00,2017-08-07 17:56:00,US/Central,KVPS,30.4833,-86.5254,Eglin Afb,Okaloosa,FL,32542
W-1253436,Rain,Light,2017-08-07 18:25:00,2017-08-07 19:31:00,US/Central,KVPS,30.4833,-86.5254,Eglin Afb,Okaloosa,FL,32542
W-1253437,Rain,Light,2017-08-09 19:33:00,2017-08-09 19:55:00,US/Central,KVPS,30.4833,-86.5254,Eglin Afb,Okaloosa,FL,32542
W-1253438,Rain,Light,2017-08-09 21:55:00,2017-08-09 22:10:00,US/Central,KVPS,30.4833,-86.5254,Eglin Afb,Okaloosa,FL,32542
W-1253439,Rain,Light,2017-08-10 17:11:00,2017-08-10 19:04:00,US/Central,KVPS,30.4833,-86.5254,Eglin Afb,Okaloosa,FL,32542
W-1253440,Rain,Light,2017-08-11 00:26:00,2017-08-11 00:55:00,US/Central,KVPS,30.4833,-86.5254,Eglin Afb,Okaloosa,FL,32542
W-1253441,Rain,Light,2017-08-11 01:01:00,2017-08-11 01:45:00,US/Central,KVPS,30.4833,-86.5254,Eglin Afb,Okaloosa,FL,32542
W-1253442,Rain,Light,2017-08-11 02:35:00,2017-08-11 02:55:00,US/Central,KVPS,30.4833,-86.5254,Eglin Afb,Okaloosa,FL,32542
W-1253443,Rain,Light,2017-08-11 16:38:00,2017-08-11 17:55:00,US/Central,KVPS,30.4833,-86.5254,Eglin Afb,Okaloosa,FL,32542
W-1253444,Rain,Heavy,2017-08-11 17:55:00,2017-08-11 18:55:00,US/Central,KVPS,30.4833,-86.5254,Eglin Afb,Okaloosa,FL,32542
W-1253445,Rain,Light,2017-08-11 21:07:00,2017-08-11 22:49:00,US/Central,KVPS,30.4833,-86.5254,Eglin Afb,Okaloosa,FL,32542
W-1253446,Rain,Light,2017-08-12 19:50:00,2017-08-12 21:02:00,US/Central,KVPS,30.4833,-86.5254,Eglin Afb,Okaloosa,FL,32542
W-1253447,Rain,Light,2017-08-14 08:05:00,2017-08-14 08:21:00,US/Central,KVPS,30.4833,-86.5254,Eglin Afb,Okaloosa,FL,32542
W-1253448,Rain,Light,2017-08-14 20:56:00,2017-08-14 22:15:00,US/Central,KVPS,30.4833,-86.5254,Eglin Afb,Okaloosa,FL,32542
W-1253449,Rain,Light,2017-08-15 01:50:00,2017-08-15 03:56:00,US/Central,KVPS,30.4833,-86.5254,Eglin Afb,Okaloosa,FL,32542
W-1253450,Rain,Light,2017-08-15 13:08:00,2017-08-15 13:21:00,US/Central,KVPS,30.4833,-86.5254,Eglin Afb,Okaloosa,FL,32542
W-1253451,Rain,Light,2017-08-15 15:19:00,2017-08-15 15:56:00,US/Central,KVPS,30.4833,-86.5254,Eglin Afb,Okaloosa,FL,32542
W-1253452,Rain,Heavy,2017-08-15 15:56:00,2017-08-15 16:19:00,US/Central,KVPS,30.4833,-86.5254,Eglin Afb,Okaloosa,FL,32542
W-1253453,Rain,Light,2017-08-15 16:19:00,2017-08-15 16:57:00,US/Central,KVPS,30.4833,-86.5254,Eglin Afb,Okaloosa,FL,32542
W-1253454,Rain,Light,2017-08-15 17:44:00,2017-08-15 19:19:00,US/Central,KVPS,30.4833,-86.5254,Eglin Afb,Okaloosa,FL,32542
W-1253455,Rain,Light,2017-08-16 17:19:00,2017-08-16 17:44:00,US/Central,KVPS,30.4833,-86.5254,Eglin Afb,Okaloosa,FL,32542
W-1253456,Rain,Light,2017-08-16 19:41:00,2017-08-16 20:42:00,US/Central,KVPS,30.4833,-86.5254,Eglin Afb,Okaloosa,FL,32542
W-1253457,Precipitation,UNK,2017-08-16 20:55:00,2017-08-16 21:58:00,US/Central,KVPS,30.4833,-86.5254,Eglin Afb,Okaloosa,FL,32542
W-1253458,Rain,Light,2017-08-17 18:03:00,2017-08-17 19:25:00,US/Central,KVPS,30.4833,-86.5254,Eglin Afb,Okaloosa,FL,32542
W-1253459,Rain,Light,2017-08-17 20:32:00,2017-08-17 20:55:00,US/Central,KVPS,30.4833,-86.5254,Eglin Afb,Okaloosa,FL,32542
W-1253460,Rain,Light,2017-08-17 21:55:00,2017-08-17 22:40:00,US/Central,KVPS,30.4833,-86.5254,Eglin Afb,Okaloosa,FL,32542
W-1253461,Rain,Light,2017-08-18 21:55:00,2017-08-18 22:56:00,US/Central,KVPS,30.4833,-86.5254,Eglin Afb,Okaloosa,FL,32542
W-1253462,Rain,Moderate,2017-08-18 22:56:00,2017-08-18 23:09:00,US/Central,KVPS,30.4833,-86.5254,Eglin Afb,Okaloosa,FL,32542
W-1253463,Rain,Light,2017-08-18 23:09:00,2017-08-19 00:24:00,US/Central,KVPS,30.4833,-86.5254,Eglin Afb,Okaloosa,FL,32542
W-1253464,Rain,Light,2017-08-19 00:55:00,2017-08-19 01:31:00,US/Central,KVPS,30.4833,-86.5254,Eglin Afb,Okaloosa,FL,32542
W-1253465,Rain,Light,2017-08-21 18:32:00,2017-08-21 22:55:00,US/Central,KVPS,30.4833,-86.5254,Eglin Afb,Okaloosa,FL,32542
W-1253466,Rain,Light,2017-08-22 00:29:00,2017-08-22 01:45:00,US/Central,KVPS,30.4833,-86.5254,Eglin Afb,Okaloosa,FL,32542
W-1253467,Cold,Severe,2017-08-22 15:57:00,2017-08-22 16:55:00,US/Central,KVPS,30.4833,-86.5254,Eglin Afb,Okaloosa,FL,32542
W-1253468,Rain,Light,2017-08-22 18:36:00,2017-08-22 20:32:00,US/Central,KVPS,30.4833,-86.5254,Eglin Afb,Okaloosa,FL,32542
W-1253469,Rain,Light,2017-08-23 22:20:00,2017-08-23 23:09:00,US/Central,KVPS,30.4833,-86.5254,Eglin Afb,Okaloosa,FL,32542
W-1253470,Rain,Light,2017-08-29 14:56:00,2017-08-29 16:05:00,US/Central,KVPS,30.4833,-86.5254,Eglin Afb,Okaloosa,FL,32542
W-1253471,Rain,Light,2017-08-29 17:49:00,2017-08-29 18:55:00,US/Central,KVPS,30.4833,-86.5254,Eglin Afb,Okaloosa,FL,32542
W-1253472,Rain,Heavy,2017-08-29 18:55:00,2017-08-29 19:04:00,US/Central,KVPS,30.4833,-86.5254,Eglin Afb,Okaloosa,FL,32542
W-1253473,Rain,Light,2017-08-29 19:04:00,2017-08-29 19:55:00,US/Central,KVPS,30.4833,-86.5254,Eglin Afb,Okaloosa,FL,32542
W-1253474,Rain,Heavy,2017-08-29 19:55:00,2017-08-29 20:07:00,US/Central,KVPS,30.4833,-86.5254,Eglin Afb,Okaloosa,FL,32542
W-1253475,Rain,Light,2017-08-29 23:36:00,2017-08-30 00:55:00,US/Central,KVPS,30.4833,-86.5254,Eglin Afb,Okaloosa,FL,32542
W-1253476,Rain,Moderate,2017-08-30 00:55:00,2017-08-30 01:52:00,US/Central,KVPS,30.4833,-86.5254,Eglin Afb,Okaloosa,FL,32542
W-1253477,Rain,Light,2017-08-30 01:52:00,2017-08-30 02:25:00,US/Central,KVPS,30.4833,-86.5254,Eglin Afb,Okaloosa,FL,32542
W-1253478,Rain,Light,2017-08-30 03:55:00,2017-08-30 07:55:00,US/Central,KVPS,30.4833,-86.5254,Eglin Afb,Okaloosa,FL,32542
W-1253479,Rain,Light,2017-08-30 09:55:00,2017-08-30 10:32:00,US/Central,KVPS,30.4833,-86.5254,Eglin Afb,Okaloosa,FL,32542
W-1253480,Rain,Light,2017-08-30 10:55:00,2017-08-30 12:22:00,US/Central,KVPS,30.4833,-86.5254,Eglin Afb,Okaloosa,FL,32542
W-1253481,Rain,Light,2017-08-30 13:29:00,2017-08-30 13:58:00,US/Central,KVPS,30.4833,-86.5254,Eglin Afb,Okaloosa,FL,32542
W-1253482,Rain,Moderate,2017-08-30 13:58:00,2017-08-30 14:15:00,US/Central,KVPS,30.4833,-86.5254,Eglin Afb,Okaloosa,FL,32542
W-1253483,Rain,Light,2017-08-30 14:15:00,2017-08-30 14:55:00,US/Central,KVPS,30.4833,-86.5254,Eglin Afb,Okaloosa,FL,32542
W-1253484,Rain,Light,2017-08-30 16:45:00,2017-08-30 16:55:00,US/Central,KVPS,30.4833,-86.5254,Eglin Afb,Okaloosa,FL,32542
W-1253485,Rain,Light,2017-08-30 17:42:00,2017-08-30 17:56:00,US/Central,KVPS,30.4833,-86.5254,Eglin Afb,Okaloosa,FL,32542
W-1253486,Rain,Light,2017-08-30 22:03:00,2017-08-30 22:46:00,US/Central,KVPS,30.4833,-86.5254,Eglin Afb,Okaloosa,FL,32542
W-1253487,Rain,Light,2017-08-30 22:55:00,2017-08-30 23:26:00,US/Central,KVPS,30.4833,-86.5254,Eglin Afb,Okaloosa,FL,32542
W-1253488,Rain,Light,2017-08-30 23:41:00,2017-08-30 23:55:00,US/Central,KVPS,30.4833,-86.5254,Eglin Afb,Okaloosa,FL,32542
W-1253489,Rain,Light,2017-08-31 04:55:00,2017-08-31 05:40:00,US/Central,KVPS,30.4833,-86.5254,Eglin Afb,Okaloosa,FL,32542
W-1253490,Rain,Light,2017-08-31 06:38:00,2017-08-31 06:55:00,US/Central,KVPS,30.4833,-86.5254,Eglin Afb,Okaloosa,FL,32542
W-1253491,Rain,Light,2017-08-31 07:07:00,2017-08-31 07:57:00,US/Central,KVPS,30.4833,-86.5254,Eglin Afb,Okaloosa,FL,32542
W-1253492,Rain,Heavy,2017-08-31 07:57:00,2017-08-31 08:25:00,US/Central,KVPS,30.4833,-86.5254,Eglin Afb,Okaloosa,FL,32542
W-1253493,Rain,Light,2017-08-31 09:40:00,2017-08-31 10:36:00,US/Central,KVPS,30.4833,-86.5254,Eglin Afb,Okaloosa,FL,32542
W-1253494,Rain,Light,2017-08-31 11:28:00,2017-08-31 11:55:00,US/Central,KVPS,30.4833,-86.5254,Eglin Afb,Okaloosa,FL,32542
W-1253495,Rain,Moderate,2017-08-31 11:55:00,2017-08-31 12:15:00,US/Central,KVPS,30.4833,-86.5254,Eglin Afb,Okaloosa,FL,32542
W-1253496,Rain,Light,2017-08-31 12:52:00,2017-08-31 13:56:00,US/Central,KVPS,30.4833,-86.5254,Eglin Afb,Okaloosa,FL,32542
W-1253497,Rain,Moderate,2017-08-31 13:56:00,2017-08-31 14:14:00,US/Central,KVPS,30.4833,-86.5254,Eglin Afb,Okaloosa,FL,32542
W-1253498,Rain,Light,2017-08-31 14:14:00,2017-08-31 14:55:00,US/Central,KVPS,30.4833,-86.5254,Eglin Afb,Okaloosa,FL,32542
W-1253499,Rain,Moderate,2017-08-31 14:55:00,2017-08-31 15:00:00,US/Central,KVPS,30.4833,-86.5254,Eglin Afb,Okaloosa,FL,32542
W-1253500,Rain,Light,2017-08-31 15:00:00,2017-08-31 17:17:00,US/Central,KVPS,30.4833,-86.5254,Eglin Afb,Okaloosa,FL,32542
W-1253501,Rain,Light,2017-08-31 20:46:00,2017-08-31 21:19:00,US/Central,KVPS,30.4833,-86.5254,Eglin Afb,Okaloosa,FL,32542
W-1253502,Rain,Light,2017-08-31 21:23:00,2017-08-31 21:47:00,US/Central,KVPS,30.4833,-86.5254,Eglin Afb,Okaloosa,FL,32542
W-1253503,Rain,Light,2017-08-31 22:55:00,2017-08-31 23:49:00,US/Central,KVPS,30.4833,-86.5254,Eglin Afb,Okaloosa,FL,32542
W-1253504,Rain,Light,2017-09-02 04:37:00,2017-09-02 05:28:00,US/Central,KVPS,30.4833,-86.5254,Eglin Afb,Okaloosa,FL,32542
W-1253505,Rain,Light,2017-09-02 09:55:00,2017-09-02 10:21:00,US/Central,KVPS,30.4833,-86.5254,Eglin Afb,Okaloosa,FL,32542
W-1253506,Rain,Light,2017-09-02 11:10:00,2017-09-02 11:32:00,US/Central,KVPS,30.4833,-86.5254,Eglin Afb,Okaloosa,FL,32542
W-1253507,Rain,Light,2017-09-02 18:55:00,2017-09-02 19:48:00,US/Central,KVPS,30.4833,-86.5254,Eglin Afb,Okaloosa,FL,32542
W-1253508,Rain,Light,2017-09-02 22:13:00,2017-09-02 22:48:00,US/Central,KVPS,30.4833,-86.5254,Eglin Afb,Okaloosa,FL,32542
W-1253509,Rain,Light,2017-09-10 11:28:00,2017-09-10 11:55:00,US/Central,KVPS,30.4833,-86.5254,Eglin Afb,Okaloosa,FL,32542
W-1253510,Rain,Light,2017-09-10 12:55:00,2017-09-10 13:11:00,US/Central,KVPS,30.4833,-86.5254,Eglin Afb,Okaloosa,FL,32542
W-1253511,Rain,Light,2017-09-10 14:26:00,2017-09-10 14:34:00,US/Central,KVPS,30.4833,-86.5254,Eglin Afb,Okaloosa,FL,32542
W-1253512,Rain,Light,2017-09-10 15:01:00,2017-09-10 15:33:00,US/Central,KVPS,30.4833,-86.5254,Eglin Afb,Okaloosa,FL,32542
W-1253513,Rain,Light,2017-09-10 18:29:00,2017-09-10 18:35:00,US/Central,KVPS,30.4833,-86.5254,Eglin Afb,Okaloosa,FL,32542
W-1253514,Rain,Light,2017-09-10 20:59:00,2017-09-10 21:16:00,US/Central,KVPS,30.4833,-86.5254,Eglin Afb,Okaloosa,FL,32542
W-1253515,Rain,Light,2017-09-11 06:18:00,2017-09-11 06:55:00,US/Central,KVPS,30.4833,-86.5254,Eglin Afb,Okaloosa,FL,32542
W-1253516,Rain,Light,2017-09-11 09:11:00,2017-09-11 12:55:00,US/Central,KVPS,30.4833,-86.5254,Eglin Afb,Okaloosa,FL,32542
W-1253517,Rain,Light,2017-09-11 13:48:00,2017-09-11 17:35:00,US/Central,KVPS,30.4833,-86.5254,Eglin Afb,Okaloosa,FL,32542
W-1253518,Rain,Light,2017-09-11 18:48:00,2017-09-12 00:55:00,US/Central,KVPS,30.4833,-86.5254,Eglin Afb,Okaloosa,FL,32542
W-1253519,Rain,Light,2017-09-16 19:18:00,2017-09-16 20:32:00,US/Central,KVPS,30.4833,-86.5254,Eglin Afb,Okaloosa,FL,32542
W-1253520,Rain,Light,2017-09-16 20:38:00,2017-09-16 20:55:00,US/Central,KVPS,30.4833,-86.5254,Eglin Afb,Okaloosa,FL,32542
W-1253521,Rain,Light,2017-09-17 01:12:00,2017-09-17 01:38:00,US/Central,KVPS,30.4833,-86.5254,Eglin Afb,Okaloosa,FL,32542
W-1253522,Rain,Light,2017-09-17 17:11:00,2017-09-17 17:26:00,US/Central,KVPS,30.4833,-86.5254,Eglin Afb,Okaloosa,FL,32542
W-1253523,Rain,Light,2017-09-18 18:25:00,2017-09-18 18:38:00,US/Central,KVPS,30.4833,-86.5254,Eglin Afb,Okaloosa,FL,32542
W-1253524,Rain,Light,2017-09-19 21:46:00,2017-09-19 22:47:00,US/Central,KVPS,30.4833,-86.5254,Eglin Afb,Okaloosa,FL,32542
W-1253525,Rain,Light,2017-09-20 17:06:00,2017-09-20 17:55:00,US/Central,KVPS,30.4833,-86.5254,Eglin Afb,Okaloosa,FL,32542
W-1253526,Rain,Moderate,2017-09-20 17:55:00,2017-09-20 18:10:00,US/Central,KVPS,30.4833,-86.5254,Eglin Afb,Okaloosa,FL,32542
W-1253527,Rain,Light,2017-09-20 18:10:00,2017-09-20 19:47:00,US/Central,KVPS,30.4833,-86.5254,Eglin Afb,Okaloosa,FL,32542
W-1253528,Rain,Light,2017-09-21 18:08:00,2017-09-21 20:09:00,US/Central,KVPS,30.4833,-86.5254,Eglin Afb,Okaloosa,FL,32542
W-1253529,Rain,Light,2017-09-24 17:47:00,2017-09-24 18:55:00,US/Central,KVPS,30.4833,-86.5254,Eglin Afb,Okaloosa,FL,32542
W-1253530,Rain,Light,2017-09-24 19:57:00,2017-09-24 20:55:00,US/Central,KVPS,30.4833,-86.5254,Eglin Afb,Okaloosa,FL,32542
W-1253531,Rain,Light,2017-09-24 21:55:00,2017-09-24 23:55:00,US/Central,KVPS,30.4833,-86.5254,Eglin Afb,Okaloosa,FL,32542
W-1253532,Rain,Moderate,2017-09-24 23:55:00,2017-09-25 00:55:00,US/Central,KVPS,30.4833,-86.5254,Eglin Afb,Okaloosa,FL,32542
W-1253533,Rain,Light,2017-09-25 00:55:00,2017-09-25 01:36:00,US/Central,KVPS,30.4833,-86.5254,Eglin Afb,Okaloosa,FL,32542
W-1253534,Rain,Light,2017-09-25 05:46:00,2017-09-25 06:55:00,US/Central,KVPS,30.4833,-86.5254,Eglin Afb,Okaloosa,FL,32542
W-1253535,Rain,Moderate,2017-09-25 06:55:00,2017-09-25 07:35:00,US/Central,KVPS,30.4833,-86.5254,Eglin Afb,Okaloosa,FL,32542
W-1253536,Rain,Light,2017-09-25 09:05:00,2017-09-25 09:55:00,US/Central,KVPS,30.4833,-86.5254,Eglin Afb,Okaloosa,FL,32542
W-1253537,Rain,Heavy,2017-09-25 09:55:00,2017-09-25 10:05:00,US/Central,KVPS,30.4833,-86.5254,Eglin Afb,Okaloosa,FL,32542
W-1253538,Rain,Light,2017-09-25 10:05:00,2017-09-25 10:55:00,US/Central,KVPS,30.4833,-86.5254,Eglin Afb,Okaloosa,FL,32542
W-1253539,Rain,Light,2017-09-25 11:30:00,2017-09-25 12:55:00,US/Central,KVPS,30.4833,-86.5254,Eglin Afb,Okaloosa,FL,32542
W-1253540,Rain,Moderate,2017-09-25 12:55:00,2017-09-25 13:55:00,US/Central,KVPS,30.4833,-86.5254,Eglin Afb,Okaloosa,FL,32542
W-1253541,Rain,Light,2017-09-25 13:55:00,2017-09-25 14:55:00,US/Central,KVPS,30.4833,-86.5254,Eglin Afb,Okaloosa,FL,32542
W-1253542,Rain,Light,2017-09-25 15:04:00,2017-09-25 15:32:00,US/Central,KVPS,30.4833,-86.5254,Eglin Afb,Okaloosa,FL,32542
W-1253543,Rain,Light,2017-09-29 22:28:00,2017-09-29 22:50:00,US/Central,KVPS,30.4833,-86.5254,Eglin Afb,Okaloosa,FL,32542
W-1253544,Cold,Severe,2017-09-30 21:30:00,2017-09-30 21:43:00,US/Central,KVPS,30.4833,-86.5254,Eglin Afb,Okaloosa,FL,32542
W-1253545,Rain,Light,2017-09-30 21:52:00,2017-09-30 23:55:00,US/Central,KVPS,30.4833,-86.5254,Eglin Afb,Okaloosa,FL,32542
W-1253546,Precipitation,UNK,2017-09-30 23:55:00,2017-10-01 00:29:00,US/Central,KVPS,30.4833,-86.5254,Eglin Afb,Okaloosa,FL,32542
W-1253547,Rain,Light,2017-10-01 21:58:00,2017-10-01 22:27:00,US/Central,KVPS,30.4833,-86.5254,Eglin Afb,Okaloosa,FL,32542
W-1253548,Rain,Light,2017-10-01 23:01:00,2017-10-01 23:18:00,US/Central,KVPS,30.4833,-86.5254,Eglin Afb,Okaloosa,FL,32542
W-1253549,Rain,Light,2017-10-02 02:32:00,2017-10-02 03:45:00,US/Central,KVPS,30.4833,-86.5254,Eglin Afb,Okaloosa,FL,32542
W-1253550,Rain,Light,2017-10-07 20:18:00,2017-10-07 20:33:00,US/Central,KVPS,30.4833,-86.5254,Eglin Afb,Okaloosa,FL,32542
W-1253551,Rain,Light,2017-10-07 20:56:00,2017-10-07 22:18:00,US/Central,KVPS,30.4833,-86.5254,Eglin Afb,Okaloosa,FL,32542
W-1253552,Rain,Light,2017-10-07 22:30:00,2017-10-07 22:55:00,US/Central,KVPS,30.4833,-86.5254,Eglin Afb,Okaloosa,FL,32542
W-1253553,Rain,Light,2017-10-08 00:26:00,2017-10-08 01:26:00,US/Central,KVPS,30.4833,-86.5254,Eglin Afb,Okaloosa,FL,32542
W-1253554,Rain,Light,2017-10-08 01:37:00,2017-10-08 01:55:00,US/Central,KVPS,30.4833,-86.5254,Eglin Afb,Okaloosa,FL,32542
W-1253555,Rain,Light,2017-10-08 03:18:00,2017-10-08 06:55:00,US/Central,KVPS,30.4833,-86.5254,Eglin Afb,Okaloosa,FL,32542
W-1253556,Rain,Moderate,2017-10-08 06:55:00,2017-10-08 07:26:00,US/Central,KVPS,30.4833,-86.5254,Eglin Afb,Okaloosa,FL,32542
W-1253557,Rain,Light,2017-10-08 07:26:00,2017-10-08 07:55:00,US/Central,KVPS,30.4833,-86.5254,Eglin Afb,Okaloosa,FL,32542
W-1253558,Rain,Heavy,2017-10-08 07:55:00,2017-10-08 08:22:00,US/Central,KVPS,30.4833,-86.5254,Eglin Afb,Okaloosa,FL,32542
W-1253559,Rain,Light,2017-10-08 08:22:00,2017-10-08 08:55:00,US/Central,KVPS,30.4833,-86.5254,Eglin Afb,Okaloosa,FL,32542
W-1253560,Rain,Heavy,2017-10-08 08:55:00,2017-10-08 09:12:00,US/Central,KVPS,30.4833,-86.5254,Eglin Afb,Okaloosa,FL,32542
W-1253561,Rain,Light,2017-10-08 09:12:00,2017-10-08 09:55:00,US/Central,KVPS,30.4833,-86.5254,Eglin Afb,Okaloosa,FL,32542
W-1253562,Rain,Moderate,2017-10-08 09:55:00,2017-10-08 11:04:00,US/Central,KVPS,30.4833,-86.5254,Eglin Afb,Okaloosa,FL,32542
W-1253563,Rain,Light,2017-10-08 11:04:00,2017-10-08 11:55:00,US/Central,KVPS,30.4833,-86.5254,Eglin Afb,Okaloosa,FL,32542
W-1253564,Rain,Heavy,2017-10-08 11:55:00,2017-10-08 12:14:00,US/Central,KVPS,30.4833,-86.5254,Eglin Afb,Okaloosa,FL,32542
W-1253565,Rain,Light,2017-10-08 12:14:00,2017-10-08 14:57:00,US/Central,KVPS,30.4833,-86.5254,Eglin Afb,Okaloosa,FL,32542
W-1253566,Rain,Moderate,2017-10-08 14:57:00,2017-10-08 15:01:00,US/Central,KVPS,30.4833,-86.5254,Eglin Afb,Okaloosa,FL,32542
W-1253567,Rain,Light,2017-10-08 15:01:00,2017-10-08 15:55:00,US/Central,KVPS,30.4833,-86.5254,Eglin Afb,Okaloosa,FL,32542
W-1253568,Fog,Severe,2017-10-08 15:55:00,2017-10-08 16:09:00,US/Central,KVPS,30.4833,-86.5254,Eglin Afb,Okaloosa,FL,32542
W-1253569,Rain,Light,2017-10-08 16:09:00,2017-10-08 16:22:00,US/Central,KVPS,30.4833,-86.5254,Eglin Afb,Okaloosa,FL,32542
W-1253570,Fog,Severe,2017-10-08 16:22:00,2017-10-08 16:24:00,US/Central,KVPS,30.4833,-86.5254,Eglin Afb,Okaloosa,FL,32542
W-1253571,Rain,Light,2017-10-08 16:24:00,2017-10-08 16:26:00,US/Central,KVPS,30.4833,-86.5254,Eglin Afb,Okaloosa,FL,32542
W-1253572,Fog,Severe,2017-10-08 16:26:00,2017-10-08 16:37:00,US/Central,KVPS,30.4833,-86.5254,Eglin Afb,Okaloosa,FL,32542
W-1253573,Rain,Light,2017-10-08 16:37:00,2017-10-08 16:39:00,US/Central,KVPS,30.4833,-86.5254,Eglin Afb,Okaloosa,FL,32542
W-1253574,Fog,Severe,2017-10-08 16:39:00,2017-10-08 16:44:00,US/Central,KVPS,30.4833,-86.5254,Eglin Afb,Okaloosa,FL,32542
W-1253575,Rain,Light,2017-10-08 16:44:00,2017-10-08 16:55:00,US/Central,KVPS,30.4833,-86.5254,Eglin Afb,Okaloosa,FL,32542
W-1253576,Rain,Heavy,2017-10-08 16:55:00,2017-10-08 17:01:00,US/Central,KVPS,30.4833,-86.5254,Eglin Afb,Okaloosa,FL,32542
W-1253577,Rain,Light,2017-10-08 17:01:00,2017-10-08 17:10:00,US/Central,KVPS,30.4833,-86.5254,Eglin Afb,Okaloosa,FL,32542
W-1253578,Fog,Severe,2017-10-08 17:10:00,2017-10-08 17:15:00,US/Central,KVPS,30.4833,-86.5254,Eglin Afb,Okaloosa,FL,32542
W-1253579,Rain,Light,2017-10-08 17:15:00,2017-10-08 17:36:00,US/Central,KVPS,30.4833,-86.5254,Eglin Afb,Okaloosa,FL,32542
W-1253580,Fog,Severe,2017-10-08 17:36:00,2017-10-08 17:44:00,US/Central,KVPS,30.4833,-86.5254,Eglin Afb,Okaloosa,FL,32542
W-1253581,Rain,Light,2017-10-08 17:44:00,2017-10-08 17:55:00,US/Central,KVPS,30.4833,-86.5254,Eglin Afb,Okaloosa,FL,32542
W-1253582,Rain,Moderate,2017-10-08 17:55:00,2017-10-08 18:19:00,US/Central,KVPS,30.4833,-86.5254,Eglin Afb,Okaloosa,FL,32542
W-1253583,Rain,Light,2017-10-08 18:19:00,2017-10-08 18:56:00,US/Central,KVPS,30.4833,-86.5254,Eglin Afb,Okaloosa,FL,32542
W-1253584,Rain,Moderate,2017-10-08 18:56:00,2017-10-08 19:11:00,US/Central,KVPS,30.4833,-86.5254,Eglin Afb,Okaloosa,FL,32542
W-1253585,Rain,Light,2017-10-08 19:19:00,2017-10-08 19:26:00,US/Central,KVPS,30.4833,-86.5254,Eglin Afb,Okaloosa,FL,32542
W-1253586,Fog,Severe,2017-10-08 19:26:00,2017-10-08 19:29:00,US/Central,KVPS,30.4833,-86.5254,Eglin Afb,Okaloosa,FL,32542
W-1253587,Rain,Light,2017-10-08 19:29:00,2017-10-08 19:41:00,US/Central,KVPS,30.4833,-86.5254,Eglin Afb,Okaloosa,FL,32542
W-1253588,Fog,Severe,2017-10-08 19:41:00,2017-10-08 19:48:00,US/Central,KVPS,30.4833,-86.5254,Eglin Afb,Okaloosa,FL,32542
W-1253589,Rain,Light,2017-10-08 19:48:00,2017-10-08 19:56:00,US/Central,KVPS,30.4833,-86.5254,Eglin Afb,Okaloosa,FL,32542
W-1253590,Rain,Moderate,2017-10-08 19:56:00,2017-10-08 20:34:00,US/Central,KVPS,30.4833,-86.5254,Eglin Afb,Okaloosa,FL,32542
W-1253591,Rain,Light,2017-10-08 20:49:00,2017-10-08 20:52:00,US/Central,KVPS,30.4833,-86.5254,Eglin Afb,Okaloosa,FL,32542
W-1253592,Fog,Severe,2017-10-08 20:52:00,2017-10-08 21:15:00,US/Central,KVPS,30.4833,-86.5254,Eglin Afb,Okaloosa,FL,32542
W-1253593,Rain,Light,2017-10-08 21:15:00,2017-10-08 21:55:00,US/Central,KVPS,30.4833,-86.5254,Eglin Afb,Okaloosa,FL,32542
W-1253594,Precipitation,UNK,2017-10-08 21:55:00,2017-10-08 22:01:00,US/Central,KVPS,30.4833,-86.5254,Eglin Afb,Okaloosa,FL,32542
W-1253595,Rain,Light,2017-10-08 22:01:00,2017-10-08 22:56:00,US/Central,KVPS,30.4833,-86.5254,Eglin Afb,Okaloosa,FL,32542
W-1253596,Rain,Light,2017-10-09 00:37:00,2017-10-09 00:57:00,US/Central,KVPS,30.4833,-86.5254,Eglin Afb,Okaloosa,FL,32542
W-1253597,Rain,Light,2017-10-09 07:13:00,2017-10-09 07:43:00,US/Central,KVPS,30.4833,-86.5254,Eglin Afb,Okaloosa,FL,32542
W-1253598,Rain,Light,2017-10-09 07:54:00,2017-10-09 09:57:00,US/Central,KVPS,30.4833,-86.5254,Eglin Afb,Okaloosa,FL,32542
W-1253599,Rain,Moderate,2017-10-09 09:57:00,2017-10-09 10:15:00,US/Central,KVPS,30.4833,-86.5254,Eglin Afb,Okaloosa,FL,32542
W-1253600,Rain,Light,2017-10-09 10:15:00,2017-10-09 10:56:00,US/Central,KVPS,30.4833,-86.5254,Eglin Afb,Okaloosa,FL,32542
W-1253601,Rain,Moderate,2017-10-09 10:56:00,2017-10-09 11:56:00,US/Central,KVPS,30.4833,-86.5254,Eglin Afb,Okaloosa,FL,32542
W-1253602,Rain,Light,2017-10-09 11:56:00,2017-10-09 13:47:00,US/Central,KVPS,30.4833,-86.5254,Eglin Afb,Okaloosa,FL,32542
W-1253603,Rain,Light,2017-10-09 22:55:00,2017-10-09 23:55:00,US/Central,KVPS,30.4833,-86.5254,Eglin Afb,Okaloosa,FL,32542
W-1253604,Fog,Severe,2017-10-10 07:42:00,2017-10-10 10:30:00,US/Central,KVPS,30.4833,-86.5254,Eglin Afb,Okaloosa,FL,32542
W-1253605,Fog,Severe,2017-10-10 12:38:00,2017-10-10 14:41:00,US/Central,KVPS,30.4833,-86.5254,Eglin Afb,Okaloosa,FL,32542
W-1253606,Fog,Severe,2017-10-11 11:33:00,2017-10-11 11:55:00,US/Central,KVPS,30.4833,-86.5254,Eglin Afb,Okaloosa,FL,32542
W-1253607,Fog,Severe,2017-10-11 13:00:00,2017-10-11 13:33:00,US/Central,KVPS,30.4833,-86.5254,Eglin Afb,Okaloosa,FL,32542
W-1253608,Rain,Light,2017-10-12 23:21:00,2017-10-13 00:07:00,US/Central,KVPS,30.4833,-86.5254,Eglin Afb,Okaloosa,FL,32542
W-1253609,Rain,Light,2017-10-13 00:55:00,2017-10-13 01:09:00,US/Central,KVPS,30.4833,-86.5254,Eglin Afb,Okaloosa,FL,32542
W-1253610,Rain,Light,2017-10-13 01:19:00,2017-10-13 01:41:00,US/Central,KVPS,30.4833,-86.5254,Eglin Afb,Okaloosa,FL,32542
W-1253611,Precipitation,UNK,2017-10-13 01:55:00,2017-10-13 02:55:00,US/Central,KVPS,30.4833,-86.5254,Eglin Afb,Okaloosa,FL,32542
W-1253612,Rain,Light,2017-10-23 01:04:00,2017-10-23 01:55:00,US/Central,KVPS,30.4833,-86.5254,Eglin Afb,Okaloosa,FL,32542
W-1253613,Rain,Moderate,2017-10-23 01:55:00,2017-10-23 02:43:00,US/Central,KVPS,30.4833,-86.5254,Eglin Afb,Okaloosa,FL,32542
W-1253614,Rain,Light,2017-10-23 02:55:00,2017-10-23 03:55:00,US/Central,KVPS,30.4833,-86.5254,Eglin Afb,Okaloosa,FL,32542
W-1253615,Rain,Heavy,2017-10-23 03:55:00,2017-10-23 04:04:00,US/Central,KVPS,30.4833,-86.5254,Eglin Afb,Okaloosa,FL,32542
W-1253616,Rain,Light,2017-10-23 04:04:00,2017-10-23 04:55:00,US/Central,KVPS,30.4833,-86.5254,Eglin Afb,Okaloosa,FL,32542
W-1253617,Rain,Heavy,2017-10-23 04:55:00,2017-10-23 05:43:00,US/Central,KVPS,30.4833,-86.5254,Eglin Afb,Okaloosa,FL,32542
W-1253618,Rain,Light,2017-10-23 05:43:00,2017-10-23 05:55:00,US/Central,KVPS,30.4833,-86.5254,Eglin Afb,Okaloosa,FL,32542
W-1253619,Rain,Heavy,2017-10-23 05:55:00,2017-10-23 06:07:00,US/Central,KVPS,30.4833,-86.5254,Eglin Afb,Okaloosa,FL,32542
W-1253620,Rain,Light,2017-10-23 06:07:00,2017-10-23 06:55:00,US/Central,KVPS,30.4833,-86.5254,Eglin Afb,Okaloosa,FL,32542
W-1253621,Rain,Moderate,2017-10-23 06:55:00,2017-10-23 07:41:00,US/Central,KVPS,30.4833,-86.5254,Eglin Afb,Okaloosa,FL,32542
W-1253622,Rain,Light,2017-10-23 07:41:00,2017-10-23 08:12:00,US/Central,KVPS,30.4833,-86.5254,Eglin Afb,Okaloosa,FL,32542
W-1253623,Rain,Light,2017-10-23 08:23:00,2017-10-23 08:46:00,US/Central,KVPS,30.4833,-86.5254,Eglin Afb,Okaloosa,FL,32542
W-1253624,Rain,Light,2017-10-23 09:12:00,2017-10-23 09:55:00,US/Central,KVPS,30.4833,-86.5254,Eglin Afb,Okaloosa,FL,32542
W-1253625,Rain,Light,2017-10-23 10:48:00,2017-10-23 11:12:00,US/Central,KVPS,30.4833,-86.5254,Eglin Afb,Okaloosa,FL,32542
W-1253626,Rain,Light,2017-10-28 09:55:00,2017-10-28 10:55:00,US/Central,KVPS,30.4833,-86.5254,Eglin Afb,Okaloosa,FL,32542
W-1253627,Rain,Moderate,2017-10-28 10:55:00,2017-10-28 11:13:00,US/Central,KVPS,30.4833,-86.5254,Eglin Afb,Okaloosa,FL,32542